county,week_start,kamis_price,kamis_std,agri_price,agri_std,temp_avg_c,temp_max_c,temp_min_c,rain_mm,price,kamis_smooth,agri_smooth,temp_range,rain_intensity,heavy_rain,heat_stress,strong_wind,month,price_lag_1,price_lag_2,price_lag_3,price_lag_4,price_lag_8,price_rolling_mean_4,price_rolling_std_4,price_rolling_mean_8,price_rolling_std_8,price_rolling_mean_12,price_rolling_std_12,week,year,month_sin,month_cos,week_sin,week_cos
Kiambu,2021-08-30,32.223333333333336,2.5455123911176187,46.67,0.0,17.285714285714285,25.1,11.9,8.200000000000001,46.67,32.37222222222223,46.67,13.200000000000001,0,0,0,0,8,46.67,46.67,46.67,46.67,46.67,46.67,0.0,46.67,0.0,46.67,0.0,35,2021,-0.8660254037844384,-0.5000000000000004,-0.8854560256532096,-0.4647231720437691
Kiambu,2021-09-06,30.186666666666667,1.3993689053760394,46.67,0.0,16.857142857142858,23.4,12.6,11.4,46.67,31.360000000000003,46.67,10.799999999999999,0,0,0,0,9,46.67,46.67,46.67,46.67,46.67,46.67,0.0,46.67,0.0,46.67,0.0,36,2021,-1.0,-1.8369701987210297e-16,-0.9350162426854147,-0.3546048870425359
Kiambu,2021-09-13,31.67,0.0,46.67,0.0,17.985714285714288,25.6,11.9,6.5,46.67,31.360000000000003,46.67,13.700000000000001,0,0,0,0,9,46.67,46.67,46.67,46.67,46.67,46.67,0.0,46.67,0.0,46.67,0.0,37,2021,-1.0,-1.8369701987210297e-16,-0.970941817426052,-0.23931566428755774
Kiambu,2021-09-20,48.333333333333336,30.319502524502827,46.67,0.0,17.8,24.9,11.0,7.2,46.67,36.73,46.67,13.899999999999999,0,0,0,0,9,46.67,46.67,46.67,46.67,46.67,46.67,0.0,46.67,0.0,46.67,0.0,38,2021,-1.0,-1.8369701987210297e-16,-0.992708874098054,-0.12053668025532357
Kiambu,2021-09-27,31.67,0.0,46.67,0.0,18.685714285714287,26.5,11.6,3.8000000000000003,46.67,37.22444444444445,46.67,14.9,0,0,0,0,9,46.67,46.67,46.67,46.67,46.67,46.67,0.0,46.67,0.0,46.67,0.0,39,2021,-1.0,-1.8369701987210297e-16,-1.0,-1.8369701987210297e-16
Kiambu,2021-10-04,31.67,0.0,46.67,0.0,19.02857142857143,26.7,11.2,2.4,46.67,37.22444444444445,46.67,15.5,0,0,0,0,10,46.67,46.67,46.67,46.67,46.67,46.67,0.0,46.67,0.0,46.67,0.0,40,2021,-0.8660254037844386,0.5000000000000001,-0.992708874098054,0.1205366802553232
Kiambu,2021-10-11,34.44,0.0,46.67,0.0,18.857142857142858,26.1,11.8,12.3,46.67,32.593333333333334,46.67,14.3,0,0,0,0,10,46.67,46.67,46.67,46.67,46.67,46.67,0.0,46.67,0.0,46.67,0.0,41,2021,-0.8660254037844386,0.5000000000000001,-0.9709418174260521,0.23931566428755738
Kiambu,2021-11-01,33.33,0.0,46.67,0.0,19.157142857142855,26.5,13.2,4.2,46.67,33.14666666666667,46.67,13.3,0,0,0,0,11,46.67,46.67,46.67,46.67,46.67,46.67,0.0,46.67,0.0,46.67,0.0,44,2021,-0.5000000000000004,0.8660254037844384,-0.822983865893657,0.5680647467311548
Kiambu,2022-01-10,37.22,0.0,46.67,0.0,18.47142857142857,26.7,13.1,6.4,46.67,34.99666666666666,46.67,13.6,0,0,0,0,1,46.67,46.67,46.67,46.67,46.67,46.67,0.0,46.67,0.0,46.67,0.0,2,2022,0.49999999999999994,0.8660254037844387,0.23931566428755774,0.970941817426052
Kiambu,2022-01-17,37.22,0.0,46.67,0.0,18.17142857142857,26.2,12.1,18.700000000000003,46.67,35.92333333333333,46.67,14.1,0,0,0,0,1,46.67,46.67,46.67,46.67,46.67,46.67,0.0,46.67,0.0,46.67,0.0,3,2022,0.49999999999999994,0.8660254037844387,0.3546048870425356,0.9350162426854148
Kiambu,2022-01-24,38.89,0.0,46.67,0.0,19.057142857142857,26.9,12.9,0.0,46.67,37.776666666666664,46.67,13.999999999999998,0,0,0,0,1,46.67,46.67,46.67,46.67,46.67,46.67,0.0,46.67,0.0,46.67,0.0,4,2022,0.49999999999999994,0.8660254037844387,0.4647231720437685,0.8854560256532099
Kiambu,2022-01-31,38.89,0.0,46.67,0.0,19.342857142857145,27.0,12.4,10.4,46.67,38.333333333333336,46.67,14.6,0,0,0,0,1,46.67,46.67,46.67,46.67,46.67,46.67,0.0,46.67,0.0,46.67,0.0,5,2022,0.49999999999999994,0.8660254037844387,0.5680647467311558,0.8229838658936564
Kiambu,2022-05-16,47.78,0.0,46.67,0.0,17.842857142857145,24.8,11.6,6.5,46.67,41.85333333333333,46.67,13.200000000000001,0,0,0,0,5,46.67,46.67,46.67,46.67,46.67,46.67,0.0,46.67,0.0,46.67,0.0,20,2022,0.49999999999999994,-0.8660254037844387,0.6631226582407952,-0.7485107481711012
Kiambu,2022-07-25,71.78,0.0,46.67,0.0,16.257142857142856,22.2,9.9,7.3,46.67,52.81666666666666,46.67,12.299999999999999,0,0,0,0,7,46.67,46.67,46.67,46.67,46.67,46.67,0.0,46.67,0.0,46.67,0.0,30,2022,-0.4999999999999997,-0.8660254037844388,-0.46472317204376806,-0.8854560256532101
Kiambu,2022-08-08,71.67,0.0,46.67,0.0,15.414285714285715,22.5,9.2,11.2,46.67,63.74333333333334,46.67,13.3,0,0,0,0,8,46.67,46.67,46.67,46.67,46.67,46.67,0.0,46.67,0.0,46.67,0.0,32,2022,-0.8660254037844384,-0.5000000000000004,-0.663122658240795,-0.7485107481711013
Kiambu,2022-08-15,71.67,0.0,46.67,0.0,16.742857142857144,25.8,9.4,7.8,46.67,71.70666666666666,46.67,16.4,0,0,0,0,8,46.67,46.67,46.67,46.67,46.67,46.67,0.0,46.67,0.0,46.67,0.0,33,2022,-0.8660254037844384,-0.5000000000000004,-0.7485107481711011,-0.6631226582407952
Kiambu,2022-10-03,71.11,0.0,46.67,0.0,18.17142857142857,25.3,11.6,9.2,46.67,71.48333333333333,46.67,13.700000000000001,0,0,0,0,10,46.67,46.67,46.67,46.67,46.67,46.67,0.0,46.67,0.0,46.67,0.0,40,2022,-0.8660254037844386,0.5000000000000001,-0.992708874098054,0.1205366802553232
Kiambu,2023-01-16,58.89,0.0,46.67,0.0,19.02857142857143,27.0,12.4,0.0,46.67,67.22333333333333,46.67,14.6,0,0,0,0,1,46.67,46.67,46.67,46.67,46.67,46.67,0.0,46.67,0.0,46.67,0.0,3,2023,0.49999999999999994,0.8660254037844387,0.3546048870425356,0.9350162426854148
Kiambu,2023-01-30,48.89,0.0,46.67,0.0,20.014285714285712,28.6,13.2,0.0,46.67,59.629999999999995,46.67,15.400000000000002,0,0,0,0,1,46.67,46.67,46.67,46.67,46.67,46.67,0.0,46.67,0.0,46.67,0.0,5,2023,0.49999999999999994,0.8660254037844387,0.5680647467311558,0.8229838658936564
Kiambu,2023-02-13,61.11,0.0,46.67,0.0,19.928571428571427,28.1,12.8,0.4,46.67,56.29666666666666,46.67,15.3,0,0,0,0,2,46.67,46.67,46.67,46.67,46.67,46.67,0.0,46.67,0.0,46.67,0.0,7,2023,0.8660254037844386,0.5000000000000001,0.7485107481711011,0.6631226582407953
Kiambu,2023-07-24,68.89,0.0,46.67,0.0,16.8,25.3,10.6,2.3,46.67,59.629999999999995,46.67,14.700000000000001,0,0,0,0,7,46.67,46.67,46.67,46.67,46.67,46.67,0.0,46.67,0.0,46.67,0.0,30,2023,-0.4999999999999997,-0.8660254037844388,-0.46472317204376806,-0.8854560256532101
Kiambu,2023-07-31,66.67,0.0,46.67,0.0,16.5,26.3,11.9,14.2,46.67,65.55666666666667,46.67,14.4,0,0,0,0,7,46.67,46.67,46.67,46.67,46.67,46.67,0.0,46.67,0.0,46.67,0.0,31,2023,-0.4999999999999997,-0.8660254037844388,-0.5680647467311556,-0.8229838658936565
Kiambu,2023-08-07,60.0,0.0,46.67,0.0,16.5,23.7,10.5,7.3999999999999995,46.67,65.18666666666667,46.67,13.2,0,0,0,0,8,46.67,46.67,46.67,46.67,46.67,46.67,0.0,46.67,0.0,46.67,0.0,32,2023,-0.8660254037844384,-0.5000000000000004,-0.663122658240795,-0.7485107481711013
Kiambu,2023-10-02,60.0,0.0,46.67,0.0,18.52857142857143,27.4,12.1,22.4,46.67,62.223333333333336,46.67,15.299999999999999,0,1,0,0,10,46.67,46.67,46.67,46.67,46.67,46.67,0.0,46.67,0.0,46.67,0.0,40,2023,-0.8660254037844386,0.5000000000000001,-0.992708874098054,0.1205366802553232
Kiambu,2024-01-15,60.0,0.0,47.78,0.0,18.87142857142857,26.4,14.5,31.299999999999997,47.78,60.0,47.04,11.899999999999999,0,1,0,0,1,46.67,46.67,46.67,46.67,46.67,46.9475,0.5549999999999985,46.80875,0.39244426355853335,46.762499999999996,0.32042939940024195,3,2024,0.49999999999999994,0.8660254037844387,0.3546048870425356,0.9350162426854148
Kiambu,2024-02-05,60.0,0.0,47.78,0.0,19.957142857142856,26.8,15.1,2.1,47.78,60.0,47.410000000000004,11.700000000000001,0,0,0,0,2,47.78,46.67,46.67,46.67,46.67,47.225,0.6408587988004805,46.947500000000005,0.5138301553737661,46.855,0.4320669140096446,6,2024,0.8660254037844386,0.5000000000000001,0.6631226582407952,0.7485107481711011
Kiambu,2024-02-12,60.0,0.0,44.44,0.0,20.657142857142855,29.1,12.9,0.7,44.44,60.0,46.666666666666664,16.200000000000003,0,0,0,0,2,47.78,47.78,46.67,46.67,46.67,46.667500000000004,1.574491981561039,46.66875,1.0307478214522572,46.66916666666666,0.8222525417560251,7,2024,0.8660254037844386,0.5000000000000001,0.7485107481711011,0.6631226582407953
Kiambu,2024-03-04,60.0,0.0,37.78,0.0,20.314285714285713,28.0,14.1,3.1999999999999997,37.78,60.0,43.333333333333336,13.9,0,0,0,0,3,44.44,47.78,47.78,46.67,46.67,44.445,4.714046386421475,45.557500000000005,3.3073068456719557,45.928333333333335,2.69457985705761,10,2024,1.0,6.123233995736766e-17,0.9350162426854148,0.35460488704253557
Kiambu,2024-03-18,60.0,0.0,39.44,0.0,20.771428571428572,28.0,14.4,2.8,39.44,60.0,40.553333333333335,13.6,0,0,0,0,3,37.78,44.44,47.78,47.78,46.67,42.36,4.5900472038240965,44.65375,3.895418325234333,45.32583333333333,3.2621896113816047,12,2024,1.0,6.123233995736766e-17,0.992708874098054,0.120536680255323
Kiambu,2024-06-10,60.0,0.0,33.33,0.0,17.428571428571427,24.4,11.5,3.7,33.33,60.0,36.85,12.899999999999999,0,0,0,0,6,39.44,37.78,44.44,47.78,46.67,38.7475,4.588735301438382,42.986250000000005,5.452883739034663,44.21416666666667,4.7128865085448695,24,2024,1.2246467991473532e-16,-1.0,0.23931566428755768,-0.970941817426052
Kiambu,2024-07-29,60.0,0.0,32.22,0.0,16.7,23.8,10.2,6.4,32.22,60.0,34.99666666666666,13.600000000000001,0,0,0,0,7,33.33,39.44,37.78,44.44,46.67,35.692499999999995,3.4660772736144856,41.18,6.37382370099995,43.01,5.758416764733482,31,2024,-0.4999999999999997,-0.8660254037844388,-0.5680647467311556,-0.8229838658936565
Kiambu,2024-11-04,60.0,0.0,38.33,0.0,18.428571428571427,26.2,14.4,17.2,38.33,60.0,34.626666666666665,11.799999999999999,0,0,0,0,11,32.22,33.33,39.44,37.78,46.67,35.83,3.5853498202174765,40.1375,6.0198166796957375,42.315,5.7797727228043065,45,2024,-0.5000000000000004,0.8660254037844384,-0.7485107481711011,0.6631226582407952
Kiambu,2024-11-11,60.0,0.0,41.11,0.0,17.514285714285712,25.0,13.5,45.0,41.11,60.0,37.22,11.5,0,1,0,0,11,38.33,32.22,33.33,39.44,47.78,36.2475,4.191788599949527,39.30375,5.218705196557054,41.85166666666667,5.619554872914485,46,2024,-0.5000000000000004,0.8660254037844384,-0.6631226582407955,0.7485107481711007
Kiambu,2024-11-18,60.0,0.0,42.306666666666665,0.0,18.400000000000002,24.8,14.2,26.0,42.306666666666665,60.0,40.58222222222222,10.600000000000001,0,1,0,0,11,41.11,38.33,32.22,33.33,47.78,38.49166666666667,4.5007345079565875,38.61958333333333,4.210025614483046,41.488055555555555,5.416955695474531,47,2024,-0.5000000000000004,0.8660254037844384,-0.5680647467311559,0.8229838658936564
Kiambu,2024-11-25,60.0,0.0,40.81,0.0,18.214285714285715,24.1,13.6,42.3,40.81,60.0,41.40888888888889,10.500000000000002,0,1,0,0,11,42.306666666666665,41.11,38.33,32.22,44.44,40.63916666666667,1.669698076499679,38.16583333333333,3.6516879115245855,40.999722222222225,5.165647691958968,48,2024,-0.5000000000000004,0.8660254037844384,-0.4647231720437684,0.88545602565321
Kiambu,2024-12-02,60.0,0.0,41.23,0.0,19.071428571428573,26.5,13.6,4.8,41.23,60.0,41.44888888888889,12.9,0,0,0,0,12,40.81,42.306666666666665,41.11,38.33,37.78,41.36416666666666,0.652688882836086,38.59708333333333,3.80030468181215,40.54638888888889,4.851971682600193,49,2024,-2.4492935982947064e-16,1.0,-0.35460488704253595,0.9350162426854147
Kiambu,2024-12-09,60.0,0.0,40.55,0.0,19.82857142857143,26.8,14.4,6.0,40.55,60.0,40.86333333333333,12.4,0,0,0,0,12,41.23,40.81,42.306666666666665,41.11,39.44,41.22416666666666,0.7741393070156765,38.73583333333333,3.855340863607697,39.943888888888885,4.288215666532355,50,2024,-2.4492935982947064e-16,1.0,-0.2393156642875578,0.970941817426052
Kiambu,2025-01-06,60.0,0.0,41.11,0.0,19.75714285714286,27.1,12.7,1.5,41.11,60.0,40.96333333333333,14.400000000000002,0,0,0,0,1,40.55,41.23,40.81,42.306666666666665,33.33,40.925,0.30610455730036634,39.70833333333333,3.2269657476502713,39.38805555555555,3.5486809210552024,2,2025,0.49999999999999994,0.8660254037844387,0.23931566428755774,0.970941817426052
Kiambu,2025-01-13,60.0,0.0,42.5,0.0,19.62857142857143,26.6,13.8,0.5,42.5,60.0,41.38666666666666,12.8,0,0,0,0,1,41.11,40.55,41.23,40.81,32.22,41.3475,0.823503693576037,40.99333333333333,1.276245734411397,39.226388888888884,3.335387687651309,3,2025,0.49999999999999994,0.8660254037844387,0.3546048870425356,0.9350162426854148
Kiambu,2025-01-20,60.0,0.0,42.55,0.0,20.414285714285715,27.8,14.3,7.6,42.55,60.0,42.053333333333335,13.5,0,0,0,0,1,42.5,41.11,40.55,41.23,38.33,41.677499999999995,1.005165823798921,41.520833333333336,0.8022681141515142,39.623888888888885,3.430229203795616,4,2025,0.49999999999999994,0.8660254037844387,0.4647231720437685,0.8854560256532099
Kiambu,2025-01-27,60.0,0.0,42.30166666666667,0.0,18.514285714285712,25.1,13.6,21.8,42.30166666666667,60.0,42.45055555555555,11.500000000000002,0,1,0,0,1,42.55,42.5,41.11,40.55,41.11,42.11541666666667,0.6788025608869508,41.66979166666667,0.8253870845159934,39.862361111111106,3.514715131230925,5,2025,0.49999999999999994,0.8660254037844387,0.5680647467311558,0.8229838658936564
Kiambu,2025-02-03,60.0,0.0,42.55,0.0,19.985714285714288,27.9,13.8,0.2,42.55,60.0,42.467222222222226,14.099999999999998,0,0,0,0,2,42.30166666666667,42.55,42.5,41.11,42.306666666666665,42.47541666666667,0.11820709228584196,41.700208333333336,0.8561210220320346,40.630694444444444,2.9131843677965708,6,2025,0.8660254037844386,0.5000000000000001,0.6631226582407952,0.7485107481711011
Kiambu,2025-02-10,60.0,0.0,41.974,0.0,20.585714285714285,28.1,14.6,4.9,41.974,60.0,42.27522222222222,13.500000000000002,0,0,0,0,2,42.55,42.30166666666667,42.55,42.5,40.81,42.343916666666665,0.27298600900251535,41.845708333333334,0.7786188716068444,41.44352777777778,1.2243509305661988,7,2025,0.8660254037844386,0.5000000000000001,0.7485107481711011,0.6631226582407953
Kiambu,2025-08-04,60.0,0.0,44.22,0.0,16.02857142857143,24.1,9.5,27.999999999999996,44.22,60.0,42.91466666666667,14.600000000000001,0,1,0,0,8,41.974,42.55,42.30166666666667,42.55,41.23,42.76141666666666,1.000592727115061,42.21945833333333,1.0944263400928242,41.93436111111111,1.0274912809807322,32,2025,-0.8660254037844384,-0.5000000000000004,-0.663122658240795,-0.7485107481711013
Kiambu,2025-08-11,60.0,0.0,42.22285714285714,0.0,16.685714285714287,23.5,10.8,17.7,42.22285714285714,60.0,42.80561904761904,12.7,0,0,0,0,8,44.22,41.974,42.55,42.30166666666667,40.55,42.74171428571428,1.0133576169664629,42.42856547619047,0.8658189471610784,42.027099206349206,0.9960638955648388,33,2025,-0.8660254037844384,-0.5000000000000004,-0.7485107481711011,-0.6631226582407952
Kiambu,2025-08-18,60.0,0.0,41.11,0.0,16.185714285714287,23.0,12.2,28.7,41.11,60.0,42.51761904761904,10.8,0,1,0,0,8,42.22285714285714,44.22,41.974,42.55,41.11,42.38171428571428,1.3150434875507626,42.42856547619048,0.8658189471610784,41.92737698412699,1.0250124103321698,34,2025,-0.8660254037844384,-0.5000000000000004,-0.8229838658936564,-0.5680647467311559
Kiambu,2025-08-25,60.0,0.0,42.22,0.0,17.314285714285713,24.4,10.9,1.7000000000000002,42.22,60.0,41.85095238095238,13.499999999999998,0,0,0,0,8,41.11,42.22285714285714,44.22,41.974,42.5,42.443214285714284,1.2952232360842386,42.393565476190474,0.8681749174897634,42.04487698412698,0.9642979905066336,35,2025,-0.8660254037844384,-0.5000000000000004,-0.8854560256532096,-0.4647231720437691
Kiambu,2025-09-01,60.0,0.0,42.22,0.0,17.642857142857142,25.0,10.8,0.30000000000000004,42.22,60.0,41.85,14.2,0,0,0,0,9,42.22,41.11,42.22285714285714,44.22,42.55,41.943214285714284,0.5554778233601474,42.352315476190476,0.8675198248697445,42.12737698412698,0.9299826650815971,36,2025,-1.0,-1.8369701987210297e-16,-0.9350162426854147,-0.3546048870425359
Kiambu,2025-09-08,60.0,0.0,42.22,0.0,18.314285714285713,26.0,11.4,1.7,42.22,60.0,42.22,14.6,0,0,0,0,9,42.22,42.22,41.11,42.22285714285714,42.30166666666667,41.942499999999995,0.5550000000000274,42.34210714285714,0.868680685092712,42.26654365079365,0.7863377640311986,37,2025,-1.0,-1.8369701987210297e-16,-0.970941817426052,-0.23931566428755774
Kiambu,2025-09-15,60.0,0.0,43.33,0.0,18.542857142857144,26.3,11.8,7.199999999999999,43.33,60.0,42.589999999999996,14.5,0,0,0,0,9,42.22,42.22,42.22,41.11,42.55,42.4975,0.5550000000000131,42.43960714285714,0.9364755954195528,42.451543650793646,0.7498026443995133,38,2025,-1.0,-1.8369701987210297e-16,-0.992708874098054,-0.12053668025532357
Kiambu,2025-09-22,60.0,0.0,43.33,0.0,18.571428571428573,26.8,11.2,3.7,43.33,60.0,42.96,15.600000000000001,0,0,0,0,9,43.33,42.22,42.22,42.22,41.974,42.775,0.6408587988004909,42.60910714285714,0.962517028738878,42.52071031746032,0.791785856459521,39,2025,-1.0,-1.8369701987210297e-16,-1.0,-1.8369701987210297e-16
Kiambu,2025-09-29,60.0,0.0,41.11,0.0,18.599999999999998,27.6,11.4,5.0,41.11,60.0,42.589999999999996,16.200000000000003,0,0,0,0,9,43.33,43.33,42.22,42.22,44.22,42.4975,1.0627440896095401,42.22035714285714,0.8390817381312679,42.400710317460316,0.8899754328411373,40,2025,-1.0,-1.8369701987210297e-16,-0.992708874098054,0.1205366802553232
Kiambu,2025-10-06,60.0,0.0,41.11,0.0,18.157142857142855,24.9,12.1,15.4,41.11,60.0,41.85,12.799999999999999,0,0,0,0,10,41.11,43.33,43.33,42.22,42.22285714285714,42.22,1.2817175976009734,42.08125,0.9263204860399181,42.301404761904756,0.9653262915217327,41,2025,-0.8660254037844386,0.5000000000000001,-0.9709418174260521,0.23931566428755738
Kirinyaga,2021-08-09,31.0,1.4142135623730951,48.89,0.0,21.357142857142858,29.8,15.1,8.4,48.89,28.573333333333334,48.89,14.700000000000001,0,0,0,0,8,48.89,48.89,48.89,48.89,48.89,48.89,0.0,48.89,0.0,48.89,0.0,32,2021,-0.8660254037844384,-0.5000000000000004,-0.663122658240795,-0.7485107481711013
Kirinyaga,2021-08-16,28.22,5.345727265770297,48.89,0.0,22.0,29.2,16.5,4.2,48.89,28.813333333333333,48.89,12.7,0,0,0,0,8,48.89,48.89,48.89,48.89,48.89,48.89,0.0,48.89,0.0,48.89,0.0,33,2021,-0.8660254037844384,-0.5000000000000004,-0.7485107481711011,-0.6631226582407952
Kirinyaga,2021-08-23,27.22,3.2100674966943177,48.89,0.0,22.357142857142858,32.0,14.7,0.3,48.89,28.813333333333333,48.89,17.3,0,0,1,0,8,48.89,48.89,48.89,48.89,48.89,48.89,0.0,48.89,0.0,48.89,0.0,34,2021,-0.8660254037844384,-0.5000000000000004,-0.8229838658936564,-0.5680647467311559
Kirinyaga,2021-08-30,26.887999999999998,4.261281497390193,48.89,0.0,22.385714285714283,30.8,16.0,1.7,48.89,27.442666666666668,48.89,14.8,0,0,1,0,8,48.89,48.89,48.89,48.89,48.89,48.89,0.0,48.89,0.0,48.89,0.0,35,2021,-0.8660254037844384,-0.5000000000000004,-0.8854560256532096,-0.4647231720437691
Kirinyaga,2021-09-06,26.222,3.8980533603325656,48.89,0.0,21.82857142857143,28.9,16.6,5.5,48.89,26.776666666666667,48.89,12.299999999999997,0,0,0,0,9,48.89,48.89,48.89,48.89,48.89,48.89,0.0,48.89,0.0,48.89,0.0,36,2021,-1.0,-1.8369701987210297e-16,-0.9350162426854147,-0.3546048870425359
Kirinyaga,2021-09-13,26.0,3.202912736869365,48.89,0.0,23.042857142857144,31.5,16.3,3.6,48.89,26.37,48.89,15.2,0,0,1,0,9,48.89,48.89,48.89,48.89,48.89,48.89,0.0,48.89,0.0,48.89,0.0,37,2021,-1.0,-1.8369701987210297e-16,-0.970941817426052,-0.23931566428755774
Kirinyaga,2021-09-20,27.314999999999998,2.948998134960414,48.89,0.0,22.914285714285715,30.6,15.4,3.7,48.89,26.51233333333333,48.89,15.200000000000001,0,0,1,0,9,48.89,48.89,48.89,48.89,48.89,48.89,0.0,48.89,0.0,48.89,0.0,38,2021,-1.0,-1.8369701987210297e-16,-0.992708874098054,-0.12053668025532357
Kirinyaga,2021-09-27,28.112000000000002,2.2078428386096687,48.89,0.0,23.599999999999998,31.7,15.6,2.8,48.89,27.142333333333337,48.89,16.1,0,0,1,0,9,48.89,48.89,48.89,48.89,48.89,48.89,0.0,48.89,0.0,48.89,0.0,39,2021,-1.0,-1.8369701987210297e-16,-1.0,-1.8369701987210297e-16
Kirinyaga,2021-10-04,27.36,3.0569701775886955,48.89,0.0,24.085714285714285,31.6,15.9,1.0,48.89,27.59566666666667,48.89,15.700000000000001,0,0,1,0,10,48.89,48.89,48.89,48.89,48.89,48.89,0.0,48.89,0.0,48.89,0.0,40,2021,-0.8660254037844386,0.5000000000000001,-0.992708874098054,0.1205366802553232
Kirinyaga,2021-10-11,26.853333333333335,2.7394403321359886,48.89,0.0,24.114285714285717,32.2,17.5,3.7,48.89,27.441777777777776,48.89,14.700000000000003,0,0,1,0,10,48.89,48.89,48.89,48.89,48.89,48.89,0.0,48.89,0.0,48.89,0.0,41,2021,-0.8660254037844386,0.5000000000000001,-0.9709418174260521,0.23931566428755738
Kirinyaga,2021-10-18,28.112000000000002,2.5928208576760574,48.89,0.0,22.928571428571427,32.2,16.4,31.400000000000002,48.89,27.441777777777776,48.89,15.800000000000004,0,1,1,0,10,48.89,48.89,48.89,48.89,48.89,48.89,0.0,48.89,0.0,48.89,0.0,42,2021,-0.8660254037844386,0.5000000000000001,-0.9350162426854148,0.35460488704253557
Kirinyaga,2021-10-25,28.518333333333334,2.758988341161787,48.89,0.0,22.728571428571428,30.9,16.0,40.4,48.89,27.82788888888889,48.89,14.899999999999999,0,1,1,0,10,48.89,48.89,48.89,48.89,48.89,48.89,0.0,48.89,0.0,48.89,0.0,43,2021,-0.8660254037844386,0.5000000000000001,-0.8854560256532101,0.464723172043768
Kirinyaga,2021-11-01,30.0,2.10607692167214,48.89,0.0,23.542857142857144,31.0,17.2,3.5,48.89,28.87677777777778,48.89,13.8,0,0,1,0,11,48.89,48.89,48.89,48.89,48.89,48.89,0.0,48.89,0.0,48.89,0.0,44,2021,-0.5000000000000004,0.8660254037844384,-0.822983865893657,0.5680647467311548
Kirinyaga,2021-11-08,28.0575,2.288323622217802,48.89,0.0,23.285714285714285,31.8,16.3,8.8,48.89,28.858611111111113,48.89,15.5,0,0,1,0,11,48.89,48.89,48.89,48.89,48.89,48.89,0.0,48.89,0.0,48.89,0.0,45,2021,-0.5000000000000004,0.8660254037844384,-0.7485107481711011,0.6631226582407952
Kirinyaga,2021-11-15,29.075,1.4753677507658887,48.89,0.0,23.099999999999998,30.8,17.8,8.2,48.89,29.04416666666667,48.89,13.0,0,0,1,0,11,48.89,48.89,48.89,48.89,48.89,48.89,0.0,48.89,0.0,48.89,0.0,46,2021,-0.5000000000000004,0.8660254037844384,-0.6631226582407955,0.7485107481711007
Kirinyaga,2021-11-22,30.09166666666667,2.8616318188520804,48.89,0.0,23.014285714285712,32.3,16.5,41.7,48.89,29.074722222222224,48.89,15.799999999999997,0,1,1,0,11,48.89,48.89,48.89,48.89,48.89,48.89,0.0,48.89,0.0,48.89,0.0,47,2021,-0.5000000000000004,0.8660254037844384,-0.5680647467311559,0.8229838658936564
Kirinyaga,2021-11-29,31.296666666666667,2.7595265294370095,48.89,0.0,20.228571428571428,27.0,16.1,37.699999999999996,48.89,30.154444444444447,48.89,10.899999999999999,0,1,0,0,11,48.89,48.89,48.89,48.89,48.89,48.89,0.0,48.89,0.0,48.89,0.0,48,2021,-0.5000000000000004,0.8660254037844384,-0.4647231720437684,0.88545602565321
Kirinyaga,2021-12-06,31.803999999999995,2.8531876909870477,48.89,0.0,21.114285714285717,27.9,14.4,12.4,48.89,31.064111111111107,48.89,13.499999999999998,0,0,0,0,12,48.89,48.89,48.89,48.89,48.89,48.89,0.0,48.89,0.0,48.89,0.0,49,2021,-2.4492935982947064e-16,1.0,-0.35460488704253595,0.9350162426854147
Kirinyaga,2021-12-13,30.37,0.573201535238697,48.89,0.0,20.985714285714288,27.8,15.7,30.9,48.89,31.156888888888886,48.89,12.100000000000001,0,1,0,0,12,48.89,48.89,48.89,48.89,48.89,48.89,0.0,48.89,0.0,48.89,0.0,50,2021,-2.4492935982947064e-16,1.0,-0.2393156642875578,0.970941817426052
Kirinyaga,2021-12-20,33.332,3.333334666666399,48.89,0.0,21.24285714285714,28.5,15.4,31.1,48.89,31.835333333333335,48.89,13.1,0,1,0,0,12,48.89,48.89,48.89,48.89,48.89,48.89,0.0,48.89,0.0,48.89,0.0,51,2021,-2.4492935982947064e-16,1.0,-0.12053668025532363,0.992708874098054
Kirinyaga,2021-12-27,33.332499999999996,3.5143456005350413,48.89,0.0,21.314285714285713,29.2,14.9,5.3999999999999995,48.89,32.344833333333334,48.89,14.299999999999999,0,0,0,0,12,48.89,48.89,48.89,48.89,48.89,48.89,0.0,48.89,0.0,48.89,0.0,52,2021,-2.4492935982947064e-16,1.0,6.432490598706546e-16,1.0
Kirinyaga,2022-01-03,32.406666666666666,3.0968995247935753,48.89,0.0,21.928571428571427,30.1,13.9,4.800000000000001,48.89,33.023722222222226,48.89,16.200000000000003,0,0,1,0,1,48.89,48.89,48.89,48.89,48.89,48.89,0.0,48.89,0.0,48.89,0.0,1,2022,0.49999999999999994,0.8660254037844387,0.12053668025532305,0.992708874098054
Kirinyaga,2022-01-10,31.665,1.9225763964014528,48.89,0.0,22.457142857142856,32.0,13.9,0.7,48.89,32.46805555555556,48.89,18.1,0,0,1,0,1,48.89,48.89,48.89,48.89,48.89,48.89,0.0,48.89,0.0,48.89,0.0,2,2022,0.49999999999999994,0.8660254037844387,0.23931566428755774,0.970941817426052
Kirinyaga,2022-01-17,34.81333333333333,2.569208697893836,48.89,0.0,22.542857142857144,31.5,15.2,12.6,48.89,32.961666666666666,48.89,16.3,0,0,1,0,1,48.89,48.89,48.89,48.89,48.89,48.89,0.0,48.89,0.0,48.89,0.0,3,2022,0.49999999999999994,0.8660254037844387,0.3546048870425356,0.9350162426854148
Kirinyaga,2022-01-24,32.96333333333333,2.798076720415889,48.89,0.0,23.0,32.0,14.0,1.1,48.89,33.14722222222222,48.89,18.0,0,0,1,0,1,48.89,48.89,48.89,48.89,48.89,48.89,0.0,48.89,0.0,48.89,0.0,4,2022,0.49999999999999994,0.8660254037844387,0.4647231720437685,0.8854560256532099
Kirinyaga,2022-01-31,32.444,2.4096535020620706,48.89,0.0,23.97142857142857,32.2,15.6,4.5,48.89,33.406888888888886,48.89,16.6,0,0,1,0,1,48.89,48.89,48.89,48.89,48.89,48.89,0.0,48.89,0.0,48.89,0.0,5,2022,0.49999999999999994,0.8660254037844387,0.5680647467311558,0.8229838658936564
Kirinyaga,2022-02-07,33.055,2.2919642231064614,48.89,0.0,23.614285714285717,31.0,15.8,0.6000000000000001,48.89,32.82077777777778,48.89,15.2,0,0,1,0,2,48.89,48.89,48.89,48.89,48.89,48.89,0.0,48.89,0.0,48.89,0.0,6,2022,0.8660254037844386,0.5000000000000001,0.6631226582407952,0.7485107481711011
Kirinyaga,2022-02-14,28.8325,4.817906703123255,48.89,0.0,24.914285714285715,34.0,16.6,0.0,48.89,31.44383333333333,48.89,17.4,0,0,1,0,2,48.89,48.89,48.89,48.89,48.89,48.89,0.0,48.89,0.0,48.89,0.0,7,2022,0.8660254037844386,0.5000000000000001,0.7485107481711011,0.6631226582407953
Kirinyaga,2022-02-21,32.78,3.2100674966943203,48.89,0.0,24.2,34.0,15.9,7.0,48.89,31.55583333333333,48.89,18.1,0,0,1,0,2,48.89,48.89,48.89,48.89,48.89,48.89,0.0,48.89,0.0,48.89,0.0,8,2022,0.8660254037844386,0.5000000000000001,0.8229838658936564,0.5680647467311559
Kirinyaga,2022-02-28,31.48,1.69555300713366,48.89,0.0,24.542857142857144,33.2,16.3,0.2,48.89,31.030833333333334,48.89,16.900000000000002,0,0,1,0,2,48.89,48.89,48.89,48.89,48.89,48.89,0.0,48.89,0.0,48.89,0.0,9,2022,0.8660254037844386,0.5000000000000001,0.8854560256532099,0.4647231720437686
Kirinyaga,2022-03-07,33.33,0.0,48.89,0.0,25.17142857142857,34.0,17.0,0.0,48.89,32.53,48.89,17.0,0,0,1,0,3,48.89,48.89,48.89,48.89,48.89,48.89,0.0,48.89,0.0,48.89,0.0,10,2022,1.0,6.123233995736766e-17,0.9350162426854148,0.35460488704253557
Kirinyaga,2022-03-14,33.769999999999996,1.0007247373778678,48.89,0.0,25.714285714285715,34.2,17.6,0.0,48.89,32.86,48.89,16.6,0,0,1,0,3,48.89,48.89,48.89,48.89,48.89,48.89,0.0,48.89,0.0,48.89,0.0,11,2022,1.0,6.123233995736766e-17,0.970941817426052,0.23931566428755804
Kirinyaga,2022-03-21,33.775999999999996,0.9972863179649067,48.89,0.0,24.914285714285715,33.3,17.9,8.4,48.89,33.62533333333333,48.89,15.399999999999999,0,0,1,0,3,48.89,48.89,48.89,48.89,48.89,48.89,0.0,48.89,0.0,48.89,0.0,12,2022,1.0,6.123233995736766e-17,0.992708874098054,0.120536680255323
Kirinyaga,2022-03-28,28.7475,9.165,48.89,0.0,23.071428571428573,31.5,16.6,20.6,48.89,32.097833333333334,48.89,14.899999999999999,0,1,1,0,3,48.89,48.89,48.89,48.89,48.89,48.89,0.0,48.89,0.0,48.89,0.0,13,2022,1.0,6.123233995736766e-17,1.0,-1.6081226496766364e-16
Kirinyaga,2022-04-04,33.332499999999996,1.816707186092464,48.89,0.0,23.571428571428573,32.6,17.4,11.1,48.89,31.951999999999998,48.89,15.200000000000003,0,0,1,0,4,48.89,48.89,48.89,48.89,48.89,48.89,0.0,48.89,0.0,48.89,0.0,14,2022,0.8660254037844387,-0.4999999999999998,0.992708874098054,-0.12053668025532288
Kirinyaga,2022-04-11,37.221666666666664,4.082212227048793,48.89,0.0,23.342857142857145,31.1,18.1,49.5,48.89,33.10055555555555,48.89,13.0,0,1,1,0,4,48.89,48.89,48.89,48.89,48.89,48.89,0.0,48.89,0.0,48.89,0.0,15,2022,0.8660254037844387,-0.4999999999999998,0.9709418174260521,-0.2393156642875575
Kirinyaga,2022-04-18,38.516666666666666,5.001202522060736,48.89,0.0,22.214285714285715,29.2,18.0,68.3,48.89,36.356944444444444,48.89,11.2,0,1,0,0,4,48.89,48.89,48.89,48.89,48.89,48.89,0.0,48.89,0.0,48.89,0.0,16,2022,0.8660254037844387,-0.4999999999999998,0.9350162426854148,-0.35460488704253545
Kirinyaga,2022-04-25,40.36666666666667,5.517976682323572,48.89,0.0,21.54285714285714,28.1,17.6,75.6,48.89,38.70166666666666,48.89,10.5,0,1,0,0,4,48.89,48.89,48.89,48.89,48.89,48.89,0.0,48.89,0.0,48.89,0.0,17,2022,0.8660254037844387,-0.4999999999999998,0.8854560256532099,-0.4647231720437685
Kirinyaga,2022-05-02,37.03333333333333,6.414361490696741,48.89,0.0,21.342857142857145,27.9,17.0,47.2,48.89,38.638888888888886,48.89,10.899999999999999,0,1,0,0,5,48.89,48.89,48.89,48.89,48.89,48.89,0.0,48.89,0.0,48.89,0.0,18,2022,0.49999999999999994,-0.8660254037844387,0.8229838658936565,-0.5680647467311557
Kirinyaga,2022-05-09,39.108,5.577335385289288,48.89,0.0,22.142857142857142,28.4,15.6,1.8,48.89,38.836,48.89,12.799999999999999,0,0,0,0,5,48.89,48.89,48.89,48.89,48.89,48.89,0.0,48.89,0.0,48.89,0.0,19,2022,0.49999999999999994,-0.8660254037844387,0.7485107481711013,-0.663122658240795
Kirinyaga,2022-05-16,38.8875,6.669444629552501,48.89,0.0,21.571428571428573,28.1,17.1,3.1,48.89,38.34294444444445,48.89,11.0,0,0,0,0,5,48.89,48.89,48.89,48.89,48.89,48.89,0.0,48.89,0.0,48.89,0.0,20,2022,0.49999999999999994,-0.8660254037844387,0.6631226582407952,-0.7485107481711012
Kirinyaga,2022-05-23,45.28,3.558679530387641,48.89,0.0,22.385714285714283,29.5,16.4,3.0,48.89,41.091833333333334,48.89,13.100000000000001,0,0,0,0,5,48.89,48.89,48.89,48.89,48.89,48.89,0.0,48.89,0.0,48.89,0.0,21,2022,0.49999999999999994,-0.8660254037844387,0.5680647467311558,-0.8229838658936564
Kirinyaga,2022-05-30,48.335,4.930047329049354,48.89,0.0,20.97142857142857,27.0,14.5,9.4,48.89,44.1675,48.89,12.5,0,0,0,0,5,48.89,48.89,48.89,48.89,48.89,48.89,0.0,48.89,0.0,48.89,0.0,22,2022,0.49999999999999994,-0.8660254037844387,0.46472317204376906,-0.8854560256532096
Kirinyaga,2022-06-06,51.947500000000005,4.387295104427482,48.89,0.0,21.428571428571427,27.5,14.9,1.2999999999999998,48.89,48.520833333333336,48.89,12.6,0,0,0,0,6,48.89,48.89,48.89,48.89,48.89,48.89,0.0,48.89,0.0,48.89,0.0,23,2022,1.2246467991473532e-16,-1.0,0.35460488704253584,-0.9350162426854147
Kirinyaga,2022-06-13,61.1125,6.218120696802211,48.89,0.0,20.900000000000002,27.1,15.5,1.2000000000000002,48.89,53.79833333333334,48.89,11.600000000000001,0,0,0,0,6,48.89,48.89,48.89,48.89,48.89,48.89,0.0,48.89,0.0,48.89,0.0,24,2022,1.2246467991473532e-16,-1.0,0.23931566428755768,-0.970941817426052
Kirinyaga,2022-06-20,72.2225,4.535639425703948,48.89,0.0,20.67142857142857,27.0,14.1,0.7,48.89,61.76083333333333,48.89,12.9,0,0,0,0,6,48.89,48.89,48.89,48.89,48.89,48.89,0.0,48.89,0.0,48.89,0.0,25,2022,1.2246467991473532e-16,-1.0,0.12053668025532308,-0.992708874098054
Kirinyaga,2022-06-27,72.666,3.0033115056550512,48.89,0.0,20.314285714285713,28.2,14.1,1.5,48.89,68.667,48.89,14.1,0,0,0,0,6,48.89,48.89,48.89,48.89,48.89,48.89,0.0,48.89,0.0,48.89,0.0,26,2022,1.2246467991473532e-16,-1.0,-3.216245299353273e-16,-1.0
Kirinyaga,2022-07-04,80.0,11.547005383792516,48.89,0.0,19.942857142857143,27.0,13.2,3.2,48.89,74.96283333333334,48.89,13.8,0,0,0,0,7,48.89,48.89,48.89,48.89,48.89,48.89,0.0,48.89,0.0,48.89,0.0,27,2022,-0.4999999999999997,-0.8660254037844388,-0.12053668025532283,-0.992708874098054
Kirinyaga,2022-07-11,76.85166666666667,10.19372437662833,48.89,0.0,20.357142857142858,27.4,14.9,6.1000000000000005,48.89,76.50588888888889,48.89,12.499999999999998,0,0,0,0,7,48.89,48.89,48.89,48.89,48.89,48.89,0.0,48.89,0.0,48.89,0.0,28,2022,-0.4999999999999997,-0.8660254037844388,-0.23931566428755743,-0.9709418174260521
Kirinyaga,2022-07-18,78.4725,13.405211362252622,48.89,0.0,20.228571428571428,26.9,15.0,1.7,48.89,78.44138888888888,48.89,11.899999999999999,0,0,0,0,7,48.89,48.89,48.89,48.89,48.89,48.89,0.0,48.89,0.0,48.89,0.0,29,2022,-0.4999999999999997,-0.8660254037844388,-0.3546048870425356,-0.9350162426854148
Kirinyaga,2022-07-25,76.945,15.244549845764553,48.89,0.0,20.942857142857143,27.1,15.9,2.4,48.89,77.42305555555555,48.89,11.200000000000001,0,0,0,0,7,48.89,48.89,48.89,48.89,48.89,48.89,0.0,48.89,0.0,48.89,0.0,30,2022,-0.4999999999999997,-0.8660254037844388,-0.46472317204376806,-0.8854560256532101
Kirinyaga,2022-08-01,71.74714285714286,12.714580494175067,48.89,0.0,19.599999999999998,24.5,14.2,2.8,48.89,75.72154761904761,48.89,10.3,0,0,0,0,8,48.89,48.89,48.89,48.89,48.89,48.89,0.0,48.89,0.0,48.89,0.0,31,2022,-0.8660254037844384,-0.5000000000000004,-0.5680647467311556,-0.8229838658936565
Kirinyaga,2022-08-08,71.48333333333333,5.701599190870341,48.89,0.0,20.071428571428573,27.6,15.1,7.4,48.89,73.39182539682541,48.89,12.500000000000002,0,0,0,0,8,48.89,48.89,48.89,48.89,48.89,48.89,0.0,48.89,0.0,48.89,0.0,32,2022,-0.8660254037844384,-0.5000000000000004,-0.663122658240795,-0.7485107481711013
Kirinyaga,2022-08-15,68.89,8.426882578984953,48.89,0.0,21.12857142857143,30.2,13.4,1.5,48.89,70.70682539682541,48.89,16.799999999999997,0,0,1,0,8,48.89,48.89,48.89,48.89,48.89,48.89,0.0,48.89,0.0,48.89,0.0,33,2022,-0.8660254037844384,-0.5000000000000004,-0.7485107481711011,-0.6631226582407952
Kirinyaga,2022-08-22,64.28571428571429,3.7099903734954047,48.89,0.0,20.728571428571428,26.5,14.9,2.7,48.89,68.21968253968254,48.89,11.6,0,0,0,0,8,48.89,48.89,48.89,48.89,48.89,48.89,0.0,48.89,0.0,48.89,0.0,34,2022,-0.8660254037844384,-0.5000000000000004,-0.8229838658936564,-0.5680647467311559
Kirinyaga,2022-08-29,65.625,5.11343608265798,48.89,0.0,21.414285714285715,28.1,16.6,0.30000000000000004,48.89,66.26690476190475,48.89,11.5,0,0,0,0,8,48.89,48.89,48.89,48.89,48.89,48.89,0.0,48.89,0.0,48.89,0.0,35,2022,-0.8660254037844384,-0.5000000000000004,-0.8854560256532096,-0.4647231720437691
Kirinyaga,2022-09-05,65.224,2.4108048448599084,48.89,0.0,21.157142857142855,29.2,15.1,21.499999999999996,48.89,65.04490476190476,48.89,14.1,0,1,0,0,9,48.89,48.89,48.89,48.89,48.89,48.89,0.0,48.89,0.0,48.89,0.0,36,2022,-1.0,-1.8369701987210297e-16,-0.9350162426854147,-0.3546048870425359
Kirinyaga,2022-09-12,68.31833333333333,9.782896128788583,48.89,0.0,22.057142857142857,28.2,17.0,0.5,48.89,66.3891111111111,48.89,11.2,0,0,0,0,9,48.89,48.89,48.89,48.89,48.89,48.89,0.0,48.89,0.0,48.89,0.0,37,2022,-1.0,-1.8369701987210297e-16,-0.970941817426052,-0.23931566428755774
Kirinyaga,2022-09-19,63.89,3.2100674966943203,48.89,0.0,23.12857142857143,30.9,15.9,4.1,48.89,65.81077777777777,48.89,14.999999999999998,0,0,1,0,9,48.89,48.89,48.89,48.89,48.89,48.89,0.0,48.89,0.0,48.89,0.0,38,2022,-1.0,-1.8369701987210297e-16,-0.992708874098054,-0.12053668025532357
Kirinyaga,2022-09-26,65.18666666666667,6.270737330383615,48.89,0.0,22.900000000000002,31.8,14.6,3.2,48.89,65.79833333333333,48.89,17.200000000000003,0,0,1,0,9,48.89,48.89,48.89,48.89,48.89,48.89,0.0,48.89,0.0,48.89,0.0,39,2022,-1.0,-1.8369701987210297e-16,-1.0,-1.8369701987210297e-16
Kirinyaga,2022-10-03,68.668,1.8239161164921998,48.89,0.0,23.071428571428573,30.6,15.6,7.9,48.89,65.91488888888888,48.89,15.000000000000002,0,0,1,0,10,48.89,48.89,48.89,48.89,48.89,48.89,0.0,48.89,0.0,48.89,0.0,40,2022,-0.8660254037844386,0.5000000000000001,-0.992708874098054,0.1205366802553232
Kirinyaga,2022-10-10,71.94500000000001,4.762158124212172,48.89,0.0,23.3,31.0,14.4,0.1,48.89,68.5998888888889,48.89,16.6,0,0,1,0,10,48.89,48.89,48.89,48.89,48.89,48.89,0.0,48.89,0.0,48.89,0.0,41,2022,-0.8660254037844386,0.5000000000000001,-0.9709418174260521,0.23931566428755738
Kirinyaga,2022-10-17,73.0957142857143,5.459877462430992,48.89,0.0,23.0,30.5,16.4,9.2,48.89,71.2362380952381,48.89,14.100000000000001,0,0,1,0,10,48.89,48.89,48.89,48.89,48.89,48.89,0.0,48.89,0.0,48.89,0.0,42,2022,-0.8660254037844386,0.5000000000000001,-0.9350162426854148,0.35460488704253557
Kirinyaga,2022-10-24,73.71125,4.727885173551249,48.89,0.0,24.085714285714285,31.6,17.8,9.2,48.89,72.91732142857143,48.89,13.8,0,0,1,0,10,48.89,48.89,48.89,48.89,48.89,48.89,0.0,48.89,0.0,48.89,0.0,43,2022,-0.8660254037844386,0.5000000000000001,-0.8854560256532101,0.464723172043768
Kirinyaga,2022-10-31,69.678,5.300605625775226,48.89,0.0,20.82857142857143,28.9,16.9,88.8,48.89,72.16165476190476,48.89,12.0,0,1,0,0,10,48.89,48.89,48.89,48.89,48.89,48.89,0.0,48.89,0.0,48.89,0.0,44,2022,-0.8660254037844386,0.5000000000000001,-0.822983865893657,0.5680647467311548
Kirinyaga,2022-11-07,72.22142857142858,7.364356565175779,48.89,0.0,21.157142857142855,28.2,16.2,22.2,48.89,71.8702261904762,48.89,12.0,0,1,0,0,11,48.89,48.89,48.89,48.89,48.89,48.89,0.0,48.89,0.0,48.89,0.0,45,2022,-0.5000000000000004,0.8660254037844384,-0.7485107481711011,0.6631226582407952
Kirinyaga,2022-11-14,68.22200000000001,4.897807672826694,48.89,0.0,20.614285714285717,27.8,16.9,35.1,48.89,70.0404761904762,48.89,10.900000000000002,0,1,0,0,11,48.89,48.89,48.89,48.89,48.89,48.89,0.0,48.89,0.0,48.89,0.0,46,2022,-0.5000000000000004,0.8660254037844384,-0.6631226582407955,0.7485107481711007
Kirinyaga,2022-11-21,69.444,5.665304934423212,48.89,0.0,20.428571428571427,27.5,15.8,31.2,48.89,69.9624761904762,48.89,11.7,0,1,0,0,11,48.89,48.89,48.89,48.89,48.89,48.89,0.0,48.89,0.0,48.89,0.0,47,2022,-0.5000000000000004,0.8660254037844384,-0.5680647467311559,0.8229838658936564
Kirinyaga,2022-11-28,70.55499999999999,5.1048516139061295,48.89,0.0,20.7,27.9,15.6,20.9,48.89,69.407,48.89,12.299999999999999,0,1,0,0,11,48.89,48.89,48.89,48.89,48.89,48.89,0.0,48.89,0.0,48.89,0.0,48,2022,-0.5000000000000004,0.8660254037844384,-0.4647231720437684,0.88545602565321
Kirinyaga,2022-12-05,65.332,3.9609051995724447,48.89,0.0,21.185714285714287,28.5,16.0,20.4,48.89,68.44366666666666,48.89,12.5,0,1,0,0,12,48.89,48.89,48.89,48.89,48.89,48.89,0.0,48.89,0.0,48.89,0.0,49,2022,-2.4492935982947064e-16,1.0,-0.35460488704253595,0.9350162426854147
Kirinyaga,2022-12-12,66.52625,5.319597024211515,48.89,0.0,21.514285714285712,29.5,14.7,4.4,48.89,67.47108333333334,48.89,14.8,0,0,0,0,12,48.89,48.89,48.89,48.89,48.89,48.89,0.0,48.89,0.0,48.89,0.0,50,2022,-2.4492935982947064e-16,1.0,-0.2393156642875578,0.970941817426052
Kirinyaga,2022-12-19,66.66571428571429,5.8012350901707626,48.89,0.0,22.414285714285715,30.1,15.7,4.7,48.89,66.17465476190476,48.89,14.400000000000002,0,0,1,0,12,48.89,48.89,48.89,48.89,48.89,48.89,0.0,48.89,0.0,48.89,0.0,51,2022,-2.4492935982947064e-16,1.0,-0.12053668025532363,0.992708874098054
Kirinyaga,2022-12-26,64.886,2.898936011711884,48.89,0.0,21.52857142857143,30.0,14.1,7.7,48.89,66.0259880952381,48.89,15.9,0,0,0,0,12,48.89,48.89,48.89,48.89,48.89,48.89,0.0,48.89,0.0,48.89,0.0,52,2022,-2.4492935982947064e-16,1.0,6.432490598706546e-16,1.0
Kirinyaga,2023-01-02,67.13,4.823417875324512,48.89,0.0,21.12857142857143,29.6,13.3,13.9,48.89,66.22723809523809,48.89,16.3,0,0,0,0,1,48.89,48.89,48.89,48.89,48.89,48.89,0.0,48.89,0.0,48.89,0.0,1,2023,0.49999999999999994,0.8660254037844387,0.12053668025532305,0.992708874098054
Kirinyaga,2023-01-09,66.80375,5.151193863007461,48.89,0.0,22.414285714285715,29.9,14.6,1.5,48.89,66.27325,48.89,15.299999999999999,0,0,0,0,1,48.89,48.89,48.89,48.89,48.89,48.89,0.0,48.89,0.0,48.89,0.0,2,2023,0.49999999999999994,0.8660254037844387,0.23931566428755774,0.970941817426052
Kirinyaga,2023-01-16,63.64857142857142,1.5352245066159842,48.89,0.0,22.585714285714285,31.1,13.3,0.1,48.89,65.86077380952379,48.89,17.8,0,0,1,0,1,48.89,48.89,48.89,48.89,48.89,48.89,0.0,48.89,0.0,48.89,0.0,3,2023,0.49999999999999994,0.8660254037844387,0.3546048870425356,0.9350162426854148
Kirinyaga,2023-01-23,64.83666666666666,3.212591892330349,48.89,0.0,22.87142857142857,31.3,14.2,0.4,48.89,65.09632936507936,48.89,17.1,0,0,1,0,1,48.89,48.89,48.89,48.89,48.89,48.89,0.0,48.89,0.0,48.89,0.0,4,2023,0.49999999999999994,0.8660254037844387,0.4647231720437685,0.8854560256532099
Kirinyaga,2023-01-30,65.00166666666667,2.0808980433136735,48.89,0.0,23.957142857142856,33.4,14.7,0.0,48.89,64.49563492063491,48.89,18.7,0,0,1,0,1,48.89,48.89,48.89,48.89,48.89,48.89,0.0,48.89,0.0,48.89,0.0,5,2023,0.49999999999999994,0.8660254037844387,0.5680647467311558,0.8229838658936564
Kirinyaga,2023-02-06,63.95875,6.251821306056108,48.89,0.0,24.099999999999998,33.2,15.1,0.4,48.89,64.59902777777778,48.89,18.1,0,0,1,0,2,48.89,48.89,48.89,48.89,48.89,48.89,0.0,48.89,0.0,48.89,0.0,6,2023,0.8660254037844386,0.5000000000000001,0.6631226582407952,0.7485107481711011
Kirinyaga,2023-02-13,60.664,3.652092550853552,48.89,0.0,24.099999999999998,33.3,14.3,0.1,48.89,63.20813888888889,48.89,18.999999999999996,0,0,1,0,2,48.89,48.89,48.89,48.89,48.89,48.89,0.0,48.89,0.0,48.89,0.0,7,2023,0.8660254037844386,0.5000000000000001,0.7485107481711011,0.6631226582407953
Kirinyaga,2023-02-20,65.11,2.5250478543320085,48.89,0.0,24.599999999999998,32.6,16.1,0.2,48.89,63.24425,48.89,16.5,0,0,1,0,2,48.89,48.89,48.89,48.89,48.89,48.89,0.0,48.89,0.0,48.89,0.0,8,2023,0.8660254037844386,0.5000000000000001,0.8229838658936564,0.5680647467311559
Kirinyaga,2023-02-27,65.332,2.7633023721626997,48.89,0.0,25.057142857142857,32.9,17.8,0.30000000000000004,48.89,63.702,48.89,15.099999999999998,0,0,1,0,2,48.89,48.89,48.89,48.89,48.89,48.89,0.0,48.89,0.0,48.89,0.0,9,2023,0.8660254037844386,0.5000000000000001,0.8854560256532099,0.4647231720437686
Kirinyaga,2023-03-06,59.8625,11.629203080422764,48.89,0.0,25.214285714285715,33.0,16.5,0.6,48.89,63.43483333333334,48.89,16.5,0,0,1,0,3,48.89,48.89,48.89,48.89,48.89,48.89,0.0,48.89,0.0,48.89,0.0,10,2023,1.0,6.123233995736766e-17,0.9350162426854148,0.35460488704253557
Kirinyaga,2023-03-13,66.11,4.7043242518630315,48.89,0.0,23.25714285714286,32.0,16.6,13.0,48.89,63.768166666666666,48.89,15.399999999999999,0,0,1,0,3,48.89,48.89,48.89,48.89,48.89,48.89,0.0,48.89,0.0,48.89,0.0,11,2023,1.0,6.123233995736766e-17,0.970941817426052,0.23931566428755804
Kirinyaga,2023-03-20,66.74714285714286,4.187953813362457,48.89,0.0,21.985714285714288,30.3,17.5,71.6,48.89,64.23988095238094,48.89,12.8,0,1,1,0,3,48.89,48.89,48.89,48.89,48.89,48.89,0.0,48.89,0.0,48.89,0.0,12,2023,1.0,6.123233995736766e-17,0.992708874098054,0.120536680255323
Kirinyaga,2023-03-27,66.60444444444445,3.3399442776456287,48.89,0.0,22.2,29.5,16.0,15.6,48.89,66.48719576719577,48.89,13.5,0,0,0,0,3,48.89,48.89,48.89,48.89,48.89,48.89,0.0,48.89,0.0,48.89,0.0,13,2023,1.0,6.123233995736766e-17,1.0,-1.6081226496766364e-16
Kirinyaga,2023-04-03,65.555,1.2874911002928706,48.89,0.0,21.414285714285715,28.5,16.3,30.2,48.89,66.30219576719577,48.89,12.2,0,1,0,0,4,48.89,48.89,48.89,48.89,48.89,48.89,0.0,48.89,0.0,48.89,0.0,14,2023,0.8660254037844387,-0.4999999999999998,0.992708874098054,-0.12053668025532288
Kirinyaga,2023-04-10,65.555,1.2874911002928706,48.89,0.0,21.17142857142857,28.2,15.7,44.1,48.89,65.90481481481481,48.89,12.5,0,1,0,0,4,48.89,48.89,48.89,48.89,48.89,48.89,0.0,48.89,0.0,48.89,0.0,15,2023,0.8660254037844387,-0.4999999999999998,0.9709418174260521,-0.2393156642875575
Kirinyaga,2023-04-17,65.0,2.1307119311003384,48.89,0.0,21.785714285714285,28.4,17.1,68.3,48.89,65.37,48.89,11.299999999999997,0,1,0,0,4,48.89,48.89,48.89,48.89,48.89,48.89,0.0,48.89,0.0,48.89,0.0,16,2023,0.8660254037844387,-0.4999999999999998,0.9350162426854148,-0.35460488704253545
Kirinyaga,2023-04-24,66.11,2.1966337883224867,48.89,0.0,20.87142857142857,28.2,16.2,81.7,48.89,65.555,48.89,12.0,0,1,0,0,4,48.89,48.89,48.89,48.89,48.89,48.89,0.0,48.89,0.0,48.89,0.0,17,2023,0.8660254037844387,-0.4999999999999998,0.8854560256532099,-0.4647231720437685
Kirinyaga,2023-05-01,63.70333333333334,3.0377338044447963,48.89,0.0,21.271428571428572,27.0,16.6,39.8,48.89,64.93777777777778,48.89,10.399999999999999,0,1,0,0,5,48.89,48.89,48.89,48.89,48.89,48.89,0.0,48.89,0.0,48.89,0.0,18,2023,0.49999999999999994,-0.8660254037844387,0.8229838658936565,-0.5680647467311557
Kirinyaga,2023-05-08,65.80111111111111,4.674273859233232,48.89,0.0,21.814285714285713,27.5,16.2,34.6,48.89,65.20481481481481,48.89,11.3,0,1,0,0,5,48.89,48.89,48.89,48.89,48.89,48.89,0.0,48.89,0.0,48.89,0.0,19,2023,0.49999999999999994,-0.8660254037844387,0.7485107481711013,-0.663122658240795
Kirinyaga,2023-05-15,64.28428571428572,5.421124905229102,48.89,0.0,22.02857142857143,28.2,14.4,8.1,48.89,64.59624338624339,48.89,13.799999999999999,0,0,0,0,5,48.89,48.89,48.89,48.89,48.89,48.89,0.0,48.89,0.0,48.89,0.0,20,2023,0.49999999999999994,-0.8660254037844387,0.6631226582407952,-0.7485107481711012
Kirinyaga,2023-05-22,66.875,7.302735299676613,48.89,0.0,21.357142857142858,27.5,16.7,38.4,48.89,65.65346560846561,48.89,10.8,0,1,0,0,5,48.89,48.89,48.89,48.89,48.89,48.89,0.0,48.89,0.0,48.89,0.0,21,2023,0.49999999999999994,-0.8660254037844387,0.5680647467311558,-0.8229838658936564
Kirinyaga,2023-05-29,64.07333333333334,6.502699952071186,48.89,0.0,21.171428571428574,27.0,16.8,29.2,48.89,65.07753968253968,48.89,10.2,0,1,0,0,5,48.89,48.89,48.89,48.89,48.89,48.89,0.0,48.89,0.0,48.89,0.0,22,2023,0.49999999999999994,-0.8660254037844387,0.46472317204376906,-0.8854560256532096
Kirinyaga,2023-06-05,67.28444444444443,6.82243745136427,48.89,0.0,21.357142857142858,27.8,12.7,23.999999999999996,48.89,66.07759259259258,48.89,15.100000000000001,0,1,0,0,6,48.89,48.89,48.89,48.89,48.89,48.89,0.0,48.89,0.0,48.89,0.0,23,2023,1.2246467991473532e-16,-1.0,0.35460488704253584,-0.9350162426854147
Kirinyaga,2023-06-12,70.62375,3.191116855540436,48.89,0.0,21.071428571428573,27.6,15.4,1.1,48.89,67.32717592592593,48.89,12.200000000000001,0,0,0,0,6,48.89,48.89,48.89,48.89,48.89,48.89,0.0,48.89,0.0,48.89,0.0,24,2023,1.2246467991473532e-16,-1.0,0.23931566428755768,-0.970941817426052
Kirinyaga,2023-06-19,71.50714285714285,1.834327436107615,48.89,0.0,21.271428571428572,26.4,15.0,1.1,48.89,69.80511243386243,48.89,11.399999999999999,0,0,0,0,6,48.89,48.89,48.89,48.89,48.89,48.89,0.0,48.89,0.0,48.89,0.0,25,2023,1.2246467991473532e-16,-1.0,0.12053668025532308,-0.992708874098054
Kirinyaga,2023-06-26,68.61,4.434552642923203,48.89,0.0,20.942857142857143,26.5,15.4,1.7,48.89,70.24696428571428,48.89,11.1,0,0,0,0,6,48.89,48.89,48.89,48.89,48.89,48.89,0.0,48.89,0.0,48.89,0.0,26,2023,1.2246467991473532e-16,-1.0,-3.216245299353273e-16,-1.0
Kirinyaga,2023-07-03,67.77833333333334,3.9121217602046428,48.89,0.0,20.185714285714287,26.4,14.8,5.3,48.89,69.29849206349206,48.89,11.599999999999998,0,0,0,0,7,48.89,48.89,48.89,48.89,48.89,48.89,0.0,48.89,0.0,48.89,0.0,27,2023,-0.4999999999999997,-0.8660254037844388,-0.12053668025532283,-0.992708874098054
Kirinyaga,2023-07-10,66.16444444444444,7.527989623915394,48.89,0.0,21.214285714285715,28.6,15.4,0.30000000000000004,48.89,67.51759259259259,48.89,13.200000000000001,0,0,0,0,7,48.89,48.89,48.89,48.89,48.89,48.89,0.0,48.89,0.0,48.89,0.0,28,2023,-0.4999999999999997,-0.8660254037844388,-0.23931566428755743,-0.9709418174260521
Kirinyaga,2023-07-17,60.68,8.738671237665363,48.89,0.0,21.400000000000002,29.8,15.2,0.4,48.89,64.87425925925926,48.89,14.600000000000001,0,0,0,0,7,48.89,48.89,48.89,48.89,48.89,48.89,0.0,48.89,0.0,48.89,0.0,29,2023,-0.4999999999999997,-0.8660254037844388,-0.3546048870425356,-0.9350162426854148
Kirinyaga,2023-07-24,50.74333333333334,3.828763072673297,48.89,0.0,21.642857142857142,28.0,16.1,1.6,48.89,59.19592592592593,48.89,11.899999999999999,0,0,0,0,7,48.89,48.89,48.89,48.89,48.89,48.89,0.0,48.89,0.0,48.89,0.0,30,2023,-0.4999999999999997,-0.8660254037844388,-0.46472317204376806,-0.8854560256532101
Kirinyaga,2023-07-31,57.22888888888888,6.018970934562742,48.89,0.0,20.5,28.0,16.4,10.9,48.89,56.217407407407414,48.89,11.600000000000001,0,0,0,0,7,48.89,48.89,48.89,48.89,48.89,48.89,0.0,48.89,0.0,48.89,0.0,31,2023,-0.4999999999999997,-0.8660254037844388,-0.5680647467311556,-0.8229838658936565
Kirinyaga,2023-08-07,52.097142857142856,5.684158437522404,48.89,0.0,21.271428571428572,26.8,16.4,4.5,48.89,53.35645502645502,48.89,10.400000000000002,0,0,0,0,8,48.89,48.89,48.89,48.89,48.89,48.89,0.0,48.89,0.0,48.89,0.0,32,2023,-0.8660254037844384,-0.5000000000000004,-0.663122658240795,-0.7485107481711013
Kirinyaga,2023-08-14,48.33375,6.14523029325532,48.89,0.0,22.414285714285715,30.0,15.1,5.7,48.89,52.55326058201058,48.89,14.9,0,0,0,0,8,48.89,48.89,48.89,48.89,48.89,48.89,0.0,48.89,0.0,48.89,0.0,33,2023,-0.8660254037844384,-0.5000000000000004,-0.7485107481711011,-0.6631226582407952
Kirinyaga,2023-08-21,49.62888888888889,4.938480141816014,48.89,0.0,23.085714285714285,31.2,14.1,0.8999999999999999,48.89,50.01992724867725,48.89,17.1,0,0,1,0,8,48.89,48.89,48.89,48.89,48.89,48.89,0.0,48.89,0.0,48.89,0.0,34,2023,-0.8660254037844384,-0.5000000000000004,-0.8229838658936564,-0.5680647467311559
Kirinyaga,2023-08-28,47.22,3.2100674966943217,48.89,0.0,23.057142857142857,29.5,18.1,6.4,48.89,48.39421296296297,48.89,11.399999999999999,0,0,0,0,8,48.89,48.89,48.89,48.89,48.89,48.89,0.0,48.89,0.0,48.89,0.0,35,2023,-0.8660254037844384,-0.5000000000000004,-0.8854560256532096,-0.4647231720437691
Kirinyaga,2023-09-04,50.0,0.0,48.89,0.0,23.02857142857143,31.9,16.9,10.4,48.89,48.949629629629634,48.89,15.0,0,0,1,0,9,48.89,48.89,48.89,48.89,48.89,48.89,0.0,48.89,0.0,48.89,0.0,36,2023,-1.0,-1.8369701987210297e-16,-0.9350162426854147,-0.3546048870425359
Kirinyaga,2023-09-11,48.222,2.3058447475925177,48.89,0.0,23.24285714285714,30.9,17.6,4.2,48.89,48.48066666666667,48.89,13.299999999999997,0,0,1,0,9,48.89,48.89,48.89,48.89,48.89,48.89,0.0,48.89,0.0,48.89,0.0,37,2023,-1.0,-1.8369701987210297e-16,-0.970941817426052,-0.23931566428755774
Kirinyaga,2023-09-18,48.668,1.4472629339549898,48.89,0.0,24.014285714285712,31.6,17.5,2.5,48.89,48.96333333333333,48.89,14.100000000000001,0,0,1,0,9,48.89,48.89,48.89,48.89,48.89,48.89,0.0,48.89,0.0,48.89,0.0,38,2023,-1.0,-1.8369701987210297e-16,-0.992708874098054,-0.12053668025532357
Kirinyaga,2023-09-25,46.222,4.20226367568719,48.89,0.0,23.900000000000002,30.9,17.3,8.1,48.89,47.704,48.89,13.599999999999998,0,0,1,0,9,48.89,48.89,48.89,48.89,48.89,48.89,0.0,48.89,0.0,48.89,0.0,39,2023,-1.0,-1.8369701987210297e-16,-1.0,-1.8369701987210297e-16
Kirinyaga,2023-10-02,43.775999999999996,4.127236363476169,48.89,0.0,22.75714285714286,32.1,15.6,22.7,48.89,46.222,48.89,16.5,0,1,1,0,10,48.89,48.89,48.89,48.89,48.89,48.89,0.0,48.89,0.0,48.89,0.0,40,2023,-0.8660254037844386,0.5000000000000001,-0.992708874098054,0.1205366802553232
Kirinyaga,2023-10-09,42.22,2.563435195201937,48.89,0.0,24.599999999999998,33.5,16.9,24.400000000000002,48.89,44.07266666666666,48.89,16.6,0,1,1,0,10,48.89,48.89,48.89,48.89,48.89,48.89,0.0,48.89,0.0,48.89,0.0,41,2023,-0.8660254037844386,0.5000000000000001,-0.9709418174260521,0.23931566428755738
Kirinyaga,2023-10-16,51.48,16.191701578277684,45.56,0.0,22.52857142857143,30.5,16.7,79.0,45.56,45.82533333333333,47.78,13.8,0,1,1,0,10,48.89,48.89,48.89,48.89,48.89,48.057500000000005,1.6650000000000003,48.473749999999995,1.1773327906756015,48.612500000000004,0.9612881982007259,42,2023,-0.8660254037844386,0.5000000000000001,-0.9350162426854148,0.35460488704253557
Kirinyaga,2023-10-23,46.48,4.18293676739202,45.56,0.0,22.32857142857143,30.5,17.3,31.7,45.56,46.72666666666667,46.669999999999995,13.2,0,1,1,0,10,45.56,48.89,48.89,48.89,48.89,47.225,1.922576396401457,48.057500000000005,1.5414904661212985,48.335,1.2962007420289343,43,2023,-0.8660254037844386,0.5000000000000001,-0.8854560256532101,0.464723172043768
Kirinyaga,2023-10-30,45.90125,3.767532111911685,42.03666666666667,0.0,21.342857142857145,28.0,17.9,77.3,42.03666666666667,47.95374999999999,44.385555555555555,10.100000000000001,0,1,0,0,10,45.56,45.56,48.89,48.89,48.89,45.51166666666666,2.7984182039939056,47.200833333333335,2.5723726000816454,47.76388888888889,2.214178751159793,44,2023,-0.8660254037844386,0.5000000000000001,-0.822983865893657,0.5680647467311548
Kirinyaga,2023-11-06,44.664,0.3067246322028946,42.5,0.0,21.32857142857143,27.8,15.2,91.2,42.5,45.68175,43.36555555555555,12.600000000000001,0,1,0,0,11,42.03666666666667,45.56,45.56,48.89,48.89,43.91416666666667,1.9098349259672933,46.40208333333334,2.938907548625018,47.231388888888894,2.64517034960911,45,2023,-0.5000000000000004,0.8660254037844384,-0.7485107481711011,0.6631226582407952
Kirinyaga,2023-11-13,42.96,2.292806140954789,43.335,0.0,21.285714285714285,27.4,17.5,85.4,43.335,44.50841666666667,42.62388888888889,9.899999999999999,0,1,0,0,11,42.5,42.03666666666667,45.56,45.56,48.89,43.35791666666667,1.563267811349054,45.70770833333333,2.9233117414498344,46.76847222222222,2.8094894624401596,46,2023,-0.5000000000000004,0.8660254037844384,-0.6631226582407955,0.7485107481711007
Kirinyaga,2023-11-20,44.025,3.1387668188091227,43.335,0.0,20.82857142857143,27.3,16.0,59.3,43.335,43.883,43.05666666666667,11.3,0,1,0,0,11,43.335,42.5,42.03666666666667,45.56,48.89,42.80166666666667,0.6442351192607852,45.013333333333335,2.7115038584894617,46.305555555555564,2.8847859656030086,47,2023,-0.5000000000000004,0.8660254037844384,-0.5680647467311559,0.8229838658936564
Kirinyaga,2023-11-27,44.6,2.8996551519103098,41.11,0.0,21.114285714285717,27.5,14.1,2.0,41.11,43.86166666666667,42.593333333333334,13.4,0,0,0,0,11,43.335,43.335,42.5,42.03666666666667,48.89,42.57,1.0499126947831148,44.04083333333334,2.5101846514005843,45.657222222222224,3.1161208672417193,48,2023,-0.5000000000000004,0.8660254037844384,-0.4647231720437684,0.88545602565321
Kirinyaga,2023-12-04,45.46,2.235388109478979,47.78,0.0,21.271428571428572,28.0,13.9,0.9,47.78,44.69499999999999,44.074999999999996,14.1,0,0,0,0,12,41.11,43.335,43.335,42.5,48.89,43.89,2.7974124949078787,43.90208333333334,2.217467229227639,45.56472222222223,3.026623684227353,49,2023,-2.4492935982947064e-16,1.0,-0.35460488704253595,0.9350162426854147
Kirinyaga,2023-12-11,46.82285714285714,4.143161893553097,44.445,0.0,21.585714285714285,28.3,16.4,21.299999999999997,44.445,45.62761904761905,44.44499999999999,11.900000000000002,0,1,0,0,12,47.78,41.11,43.335,43.335,45.56,44.167500000000004,2.77900011994723,43.76270833333333,2.131759638595807,45.19430555555556,2.8494778414395947,50,2023,-2.4492935982947064e-16,1.0,-0.2393156642875578,0.970941817426052
Kirinyaga,2023-12-18,47.485,4.178608791041755,44.445,0.0,21.885714285714283,28.5,15.6,1.4,44.445,46.589285714285715,45.55666666666667,12.9,0,0,0,0,12,44.445,47.78,41.11,43.335,45.56,44.445,2.723016097393975,43.62333333333333,2.0315601167419604,44.82388888888889,2.6036960261583983,51,2023,-2.4492935982947064e-16,1.0,-0.12053668025532363,0.992708874098054
Kirinyaga,2023-12-25,46.26857142857143,2.581649528056488,44.445,0.0,22.3,30.2,15.5,10.2,44.445,46.85880952380952,44.445,14.7,0,0,1,0,12,44.445,44.445,47.78,41.11,42.03666666666667,45.27875,1.6675000000000084,43.924375,1.9391924635565125,44.453472222222224,2.2670637417724504,52,2023,-2.4492935982947064e-16,1.0,6.432490598706546e-16,1.0
Kirinyaga,2024-01-01,43.79333333333333,1.8717977098678855,46.11,0.0,22.87142857142857,29.7,17.0,23.7,46.11,45.84896825396825,45.0,12.7,0,1,0,0,1,44.445,44.445,44.445,47.78,42.5,44.86125,0.8325000000000207,44.375625,1.9799845553149626,44.22180555555556,1.881793881188774,1,2024,0.49999999999999994,0.8660254037844387,0.12053668025532305,0.992708874098054
Kirinyaga,2024-01-08,43.79333333333333,1.8717977098678857,44.44,0.0,22.514285714285712,29.3,16.5,26.2,44.44,44.6184126984127,44.998333333333335,12.8,0,1,0,0,1,46.11,44.445,44.445,44.445,43.335,44.86,0.8333366666600214,44.513749999999995,1.9350521403089782,44.12847222222222,1.8366209445903074,2,2024,0.49999999999999994,0.8660254037844387,0.23931566428755774,0.970941817426052
Kirinyaga,2024-01-15,43.8875,3.184066357887123,43.33,0.0,22.042857142857144,29.2,16.5,35.2,43.33,43.82472222222222,44.626666666666665,12.7,0,1,0,0,1,44.44,46.11,44.445,44.445,43.335,44.58125,1.146184794583046,44.513125,1.9354880106282721,43.942638888888894,1.7908560475361175,3,2024,0.49999999999999994,0.8660254037844387,0.3546048870425356,0.9350162426854148
Kirinyaga,2024-01-22,41.735,2.4007558333634367,43.33,0.0,22.214285714285715,30.1,13.9,5.1000000000000005,43.33,43.13861111111112,43.699999999999996,16.200000000000003,0,0,1,0,1,43.33,44.44,46.11,44.445,41.11,44.302499999999995,1.3137065882456607,44.790625,1.484456219582513,44.05041666666667,1.702458727751431,4,2024,0.49999999999999994,0.8660254037844387,0.4647231720437685,0.8854560256532099
Kirinyaga,2024-01-29,40.888,1.8720683748196794,43.33,0.0,23.17142857142857,31.2,15.6,1.4,43.33,42.17016666666667,43.33,15.6,0,0,1,0,1,43.33,43.33,44.44,46.11,47.78,43.607499999999995,0.5550000000000631,44.234375,0.9370944360857911,44.11958333333333,1.6497884965453553,5,2024,0.49999999999999994,0.8660254037844387,0.5680647467311558,0.8229838658936564
Kirinyaga,2024-02-05,40.41888888888889,2.6239304699460124,44.44,0.0,23.714285714285715,31.1,17.2,4.7,44.44,41.01396296296296,43.699999999999996,13.900000000000002,0,0,1,0,2,43.33,43.33,43.33,44.44,44.445,43.6075,0.5550000000000631,44.23375,0.9369355443603384,44.211666666666666,1.632765825960444,6,2024,0.8660254037844386,0.5000000000000001,0.6631226582407952,0.7485107481711011
Kirinyaga,2024-02-12,41.39,5.359592201971019,43.33,0.0,24.099999999999998,32.7,15.7,0.8999999999999999,43.33,40.89896296296296,43.699999999999996,17.000000000000004,0,0,1,0,2,44.44,43.33,43.33,43.33,44.445,43.6075,0.5550000000000631,44.094375,0.9828291433408435,44.21125,1.6330105007177982,7,2024,0.8660254037844386,0.5000000000000001,0.7485107481711011,0.6631226582407953
Kirinyaga,2024-02-19,38.728571428571435,5.815976354180006,43.33,0.0,24.24285714285714,32.1,16.6,8.299999999999999,43.33,40.17915343915344,43.699999999999996,15.5,0,0,1,0,2,43.33,44.44,43.33,43.33,44.445,43.6075,0.5550000000000631,43.955,1.0048169698294538,44.39625,1.3511646911932385,8,2024,0.8660254037844386,0.5000000000000001,0.8229838658936564,0.5680647467311559
Kirinyaga,2024-02-26,35.95142857142857,6.445169841494812,41.665,0.0,24.185714285714287,32.7,16.6,17.0,41.665,38.690000000000005,42.775,16.1,0,0,1,0,2,43.33,43.33,44.44,43.33,46.11,43.19125,1.1441618111089362,43.399375,0.8617193672288401,43.88666666666666,1.0861092639939092,9,2024,0.8660254037844386,0.5000000000000001,0.8854560256532099,0.4647231720437686
Kirinyaga,2024-03-04,37.7775,8.352126974609522,28.89,0.0,24.314285714285713,32.5,16.1,5.2,28.89,37.48583333333334,37.961666666666666,16.4,0,0,1,0,3,41.665,43.33,43.33,44.44,44.44,39.30375,6.986727148672701,41.455625,5.132691745426726,42.59041666666666,4.445642124768394,10,2024,1.0,6.123233995736766e-17,0.9350162426854148,0.35460488704253557
Kirinyaga,2024-03-11,32.93714285714286,6.116496040178872,28.89,0.0,24.599999999999998,34.0,16.8,0.9,28.89,35.55535714285714,33.14833333333333,17.2,0,0,1,0,3,28.89,41.665,43.33,43.33,43.33,35.69375,7.885644525549805,39.650625,6.683980014877814,41.29416666666667,5.8891258933630315,11,2024,1.0,6.123233995736766e-17,0.970941817426052,0.23931566428755804
Kirinyaga,2024-03-18,34.50666666666667,9.759118812679759,35.56,0.0,25.37142857142857,33.3,19.0,8.3,35.56,35.07376984126984,31.113333333333333,14.299999999999997,0,0,1,0,3,28.89,28.89,41.665,43.33,43.33,33.75125,6.141729364220933,38.679375,6.637317894999911,40.55375,6.014181394080931,12,2024,1.0,6.123233995736766e-17,0.992708874098054,0.120536680255323
Kirinyaga,2024-03-25,36.5975,2.946885765394668,35.56,0.0,23.314285714285713,31.0,18.0,23.6,35.56,34.68043650793651,33.336666666666666,13.0,0,1,1,0,3,35.56,28.89,28.89,41.665,43.33,32.225,3.850926295494854,37.708125,6.42465670983953,39.67458333333334,5.898108887344307,13,2024,1.0,6.123233995736766e-17,1.0,-1.6081226496766364e-16
Kirinyaga,2024-04-01,33.26375,4.488327520198522,35.56,0.0,22.642857142857142,29.9,18.0,49.5,35.56,34.78930555555555,35.56,11.899999999999999,0,1,0,0,4,35.56,35.56,28.89,28.89,44.44,33.8925,3.3350000000000493,36.598125,5.83551928005191,38.934583333333336,5.802146725892764,14,2024,0.8660254037844387,-0.4999999999999998,0.992708874098054,-0.12053668025532288
Kirinyaga,2024-04-08,38.75,9.543135154205276,35.56,0.0,22.457142857142856,29.0,16.1,72.1,35.56,36.20375,35.56,12.899999999999999,0,1,0,0,4,35.56,35.56,35.56,28.89,43.33,35.56,0.0,35.626875000000005,5.16286115132468,38.287083333333335,5.6996891694888205,15,2024,0.8660254037844387,-0.4999999999999998,0.9709418174260521,-0.2393156642875575
Kirinyaga,2024-04-15,37.778,7.6314274185400235,35.56,0.0,22.67142857142857,29.2,17.7,54.0,35.56,36.59725,35.56,11.5,0,1,0,0,4,35.56,35.56,35.56,35.56,43.33,35.56,0.0,34.655625,4.135312596147677,37.639583333333334,5.513008771959036,16,2024,0.8660254037844387,-0.4999999999999998,0.9350162426854148,-0.35460488704253545
Kirinyaga,2024-04-22,33.333333333333336,4.0824829046386295,34.44,0.0,22.071428571428573,28.5,18.2,76.60000000000001,34.44,36.620444444444445,35.18666666666667,10.3,0,1,0,0,4,35.56,35.56,35.56,35.56,41.665,35.28,0.5600000000002576,33.752500000000005,3.0259768198527643,36.89875,5.270815067641161,17,2024,0.8660254037844387,-0.4999999999999998,0.8854560256532099,-0.4647231720437685
Kirinyaga,2024-04-29,37.30142857142857,7.937842756004155,34.44,0.0,22.085714285714285,28.6,17.8,96.6,34.44,36.1375873015873,34.81333333333333,10.8,0,1,0,0,4,34.44,35.56,35.56,35.56,28.89,35.0,0.6466323014926134,34.44625,2.3013718734703663,36.06541666666667,4.733229465623111,18,2024,0.8660254037844387,-0.4999999999999998,0.8229838658936565,-0.5680647467311557
Kirinyaga,2024-05-06,34.11,6.256132990913796,34.44,0.0,21.7,28.3,16.5,67.8,34.44,34.91492063492064,34.44,11.8,0,1,0,0,5,34.44,34.44,35.56,35.56,28.89,34.72,0.5600000000002778,35.14,0.5796550698479851,35.32458333333334,4.1529822024953225,19,2024,0.49999999999999994,-0.8660254037844387,0.7485107481711013,-0.663122658240795
Kirinyaga,2024-05-13,33.33,0.0,33.33,0.0,22.2,29.0,16.4,1.8,33.33,34.913809523809526,34.07,12.600000000000001,0,0,0,0,5,34.44,34.44,34.44,35.56,35.56,34.1625,0.5550000000002991,34.86125,0.8306699103738432,34.49125,3.320435434890018,20,2024,0.49999999999999994,-0.8660254037844387,0.6631226582407952,-0.7485107481711012
Kirinyaga,2024-05-20,36.10857142857143,6.009252389916259,35.56,0.0,22.057142857142857,28.9,16.0,10.9,35.56,34.516190476190474,34.443333333333335,12.899999999999999,0,0,0,0,5,33.33,34.44,34.44,34.44,35.56,34.4425,0.9103982644976439,34.86125,0.8306699103738432,33.9825,2.4836158574291027,21,2024,0.49999999999999994,-0.8660254037844387,0.5680647467311558,-0.8229838658936564
Kirinyaga,2024-05-27,36.82285714285714,5.43153665882782,35.56,0.0,21.285714285714285,28.0,15.1,0.2,35.56,35.42047619047619,34.81666666666667,12.9,0,0,0,0,5,35.56,33.33,34.44,34.44,35.56,34.722500000000004,1.067969256736187,34.86125,0.8306699103738432,34.538333333333334,1.9235234400035148,22,2024,0.49999999999999994,-0.8660254037844387,0.46472317204376906,-0.8854560256532096
Kirinyaga,2024-06-03,36.902857142857144,5.564913040008545,35.56,0.0,21.428571428571427,28.4,15.9,2.8,35.56,36.61142857142857,35.56,12.499999999999998,0,0,0,0,6,35.56,35.56,33.33,34.44,35.56,35.002500000000005,1.1150000000001332,34.86125,0.8306699103738432,35.094166666666666,0.7466343675376641,23,2024,1.2246467991473532e-16,-1.0,0.35460488704253584,-0.9350162426854147
Kirinyaga,2024-06-10,34.72,2.671523909681514,33.33,0.0,20.642857142857142,27.0,13.3,1.1,33.33,36.14857142857142,34.81666666666667,13.7,0,0,0,0,6,35.56,35.56,35.56,33.33,35.56,35.0025,1.1150000000001332,34.5825,0.9308176129467761,34.90833333333333,0.8848711599422104,24,2024,1.2246467991473532e-16,-1.0,0.23931566428755768,-0.970941817426052
Kirinyaga,2024-06-17,36.902857142857144,5.564913040008546,33.33,0.0,20.157142857142855,27.0,12.4,13.3,33.33,36.17523809523809,34.07333333333333,14.6,0,0,0,0,6,33.33,35.56,35.56,35.56,34.44,34.445,1.2874911002929923,34.44375,1.0322920060306575,34.7225,0.966014539698864,25,2024,1.2246467991473532e-16,-1.0,0.12053668025532308,-0.992708874098054
Kirinyaga,2024-06-24,37.29,6.48297550732466,33.33,0.0,19.057142857142857,25.9,11.1,0.6,33.33,36.30428571428572,33.33,14.799999999999999,0,0,0,0,6,33.33,33.33,35.56,35.56,34.44,33.887499999999996,1.115000000000159,34.305,1.1049111147187778,34.53666666666667,1.004004104784823,26,2024,1.2246467991473532e-16,-1.0,-3.216245299353273e-16,-1.0
Kirinyaga,2024-07-01,36.18857142857143,4.587422764368641,33.33,0.0,20.7,27.3,14.1,2.9,33.33,36.79380952380952,33.33,13.200000000000001,0,0,0,0,7,33.33,33.33,33.33,35.56,34.44,33.33,0.0,34.16625,1.1541346480003167,34.350833333333334,1.0037516745903698,27,2024,-0.4999999999999997,-0.8660254037844388,-0.12053668025532283,-0.992708874098054
Kirinyaga,2024-07-08,35.63428571428572,6.553497430489202,33.33,0.0,20.071428571428573,27.2,11.9,6.2,33.33,36.37095238095238,33.33,15.299999999999999,0,0,0,0,7,33.33,33.33,33.33,33.33,33.33,33.33,0.0,34.16625,1.1541346480003167,34.165,0.9652272459707094,28,2024,-0.4999999999999997,-0.8660254037844388,-0.23931566428755743,-0.9709418174260521
Kirinyaga,2024-07-15,37.61714285714286,6.930723180846558,34.44,0.0,20.414285714285715,26.0,16.0,3.8000000000000003,34.44,36.480000000000004,33.699999999999996,10.0,0,0,0,0,7,33.33,33.33,33.33,33.33,35.56,33.607499999999995,0.5550000000003265,34.02625,1.0211889079474092,34.165,0.9652272459707094,29,2024,-0.4999999999999997,-0.8660254037844388,-0.3546048870425356,-0.9350162426854148
Kirinyaga,2024-07-22,38.09428571428571,6.627663884916661,34.44,0.0,20.12857142857143,27.0,13.9,4.7,34.44,37.11523809523809,34.07,13.1,0,0,0,0,7,34.44,33.33,33.33,33.33,35.56,33.885,0.6408587988007558,33.88625,0.8419185148901461,34.165,0.9652272459707094,30,2024,-0.4999999999999997,-0.8660254037844388,-0.46472317204376806,-0.8854560256532101
Kirinyaga,2024-07-29,33.70166666666666,1.0937169042611856,34.445,0.0,20.185714285714287,27.5,14.1,2.3,34.445,36.47103174603175,34.44166666666666,13.4,0,0,0,0,7,34.44,34.44,33.33,33.33,35.56,34.16374999999999,0.5558383308124148,33.746874999999996,0.5753442292605421,34.165416666666665,0.9653578195143674,31,2024,-0.4999999999999997,-0.8660254037844388,-0.5680647467311556,-0.8229838658936565
Kirinyaga,2024-08-05,35.082499999999996,6.341736467921972,34.445,0.0,20.0,26.9,12.8,3.7,34.445,35.62615079365079,34.443333333333335,14.099999999999998,0,0,0,0,8,34.445,34.44,34.44,33.33,33.33,34.4425,0.0028867514002498184,33.88625,0.5946592661833188,34.25833333333333,0.9306750564007915,32,2024,-0.8660254037844384,-0.5000000000000004,-0.663122658240795,-0.7485107481711013
Kirinyaga,2024-08-12,32.22125,2.0357479320527734,34.445,0.0,20.414285714285715,26.4,14.8,6.4,34.445,33.66847222222222,34.445,11.599999999999998,0,0,0,0,8,34.445,34.445,34.44,34.44,33.33,34.44375,0.002500000062685974,34.025625,0.5760359456794477,34.165416666666665,0.8401635618179499,33,2024,-0.8660254037844384,-0.5000000000000004,-0.7485107481711011,-0.6631226582407952
Kirinyaga,2024-08-19,30.475714285714282,4.187353408948017,34.445,0.0,20.25714285714286,26.0,12.8,2.5,34.445,32.59315476190476,34.445,13.2,0,0,0,0,8,34.445,34.445,34.445,34.44,33.33,34.445,0.0,34.165,0.5153778087139618,34.0725,0.7257801445220098,34,2024,-0.8660254037844384,-0.5000000000000004,-0.8229838658936564,-0.5680647467311559
Kirinyaga,2024-08-26,30.740000000000002,9.263595414308638,34.445,0.0,21.214285714285715,27.9,14.7,23.8,34.445,31.145654761904762,34.445,13.2,0,1,0,0,8,34.445,34.445,34.445,34.445,33.33,34.445,0.0,34.304375,0.3937134336768953,33.97958333333333,0.5734126640857455,35,2024,-0.8660254037844384,-0.5000000000000004,-0.8854560256532096,-0.4647231720437691
Kirinyaga,2024-09-02,32.61714285714286,9.307655835002555,34.445,0.0,20.74285714285714,28.5,15.6,9.5,34.445,31.277619047619044,34.445,12.9,0,0,0,0,9,34.445,34.445,34.445,34.445,33.33,34.445,0.0,34.44375,0.002314550356719362,34.0725,0.5483757006756222,36,2024,-1.0,-1.8369701987210297e-16,-0.9350162426854147,-0.3546048870425359
Kirinyaga,2024-09-09,32.777142857142856,8.678766644874747,34.445,0.0,21.62857142857143,28.8,14.3,0.0,34.445,32.044761904761906,34.445,14.5,0,0,0,0,9,34.445,34.445,34.445,34.445,34.44,34.445,0.0,34.444375,0.001767767093423976,34.165416666666665,0.503778713747221,37,2024,-1.0,-1.8369701987210297e-16,-0.970941817426052,-0.23931566428755774
Kirinyaga,2024-09-16,33.88875,7.020768044065508,34.445,0.0,22.542857142857144,29.8,16.1,0.8999999999999999,34.445,33.09434523809524,34.445,13.7,0,0,0,0,9,34.445,34.445,34.445,34.445,34.44,34.445,0.0,34.445,0.0,34.25833333333333,0.43362810487085235,38,2024,-1.0,-1.8369701987210297e-16,-0.992708874098054,-0.12053668025532357
Kirinyaga,2024-09-23,33.76142857142857,6.1917725748809325,34.445,0.0,22.842857142857145,30.3,14.9,1.7,34.445,33.47577380952381,34.445,15.4,0,0,1,0,9,34.445,34.445,34.445,34.445,34.445,34.445,0.0,34.445,0.0,34.35125,0.3216161249358104,39,2024,-1.0,-1.8369701987210297e-16,-1.0,-1.8369701987210297e-16
Kirinyaga,2024-09-30,34.74875,6.620980586633027,34.445,0.0,22.814285714285713,30.5,14.9,9.200000000000001,34.445,34.13297619047619,34.445,15.6,0,0,1,0,9,34.445,34.445,34.445,34.445,34.445,34.445,0.0,34.445,0.0,34.44416666666667,0.0019462474981628674,40,2024,-1.0,-1.8369701987210297e-16,-0.992708874098054,0.1205366802553232
Kirinyaga,2024-10-07,41.665,11.787470042379748,34.445,0.0,23.014285714285712,30.1,15.9,12.6,34.445,36.72505952380952,34.445,14.200000000000001,0,0,1,0,10,34.445,34.445,34.445,34.445,34.445,34.445,0.0,34.445,0.0,34.444583333333334,0.0014433758587157149,41,2024,-0.8660254037844386,0.5000000000000001,-0.9709418174260521,0.23931566428755738
Kirinyaga,2025-05-12,43.89000000000001,3.4707780107635817,34.445,0.0,21.099999999999998,27.1,16.6,41.8,34.445,40.10125,34.445,10.5,0,1,0,0,5,34.445,34.445,34.445,34.445,34.445,34.445,0.0,34.445,0.0,34.445,0.0,20,2025,0.49999999999999994,-0.8660254037844387,0.6631226582407952,-0.7485107481711012
Kirinyaga,2025-05-19,47.417500000000004,1.9575257706751001,34.445,0.0,21.514285714285712,27.7,15.1,20.0,34.445,44.32416666666666,34.445,12.6,0,0,0,0,5,34.445,34.445,34.445,34.445,34.445,34.445,0.0,34.445,0.0,34.445,0.0,21,2025,0.49999999999999994,-0.8660254037844387,0.5680647467311558,-0.8229838658936564
Kirinyaga,2025-05-26,47.9725,3.2841426365404502,34.445,0.0,20.957142857142856,26.6,16.4,24.5,34.445,46.42666666666667,34.445,10.200000000000003,0,1,0,0,5,34.445,34.445,34.445,34.445,34.445,34.445,0.0,34.445,0.0,34.445,0.0,22,2025,0.49999999999999994,-0.8660254037844387,0.46472317204376906,-0.8854560256532096
Kirinyaga,2025-06-02,50.07857142857143,2.4315319490082006,34.445,0.0,20.900000000000002,26.8,16.3,35.6,34.445,48.4895238095238,34.445,10.5,0,1,0,0,6,34.445,34.445,34.445,34.445,34.445,34.445,0.0,34.445,0.0,34.445,0.0,23,2025,1.2246467991473532e-16,-1.0,0.35460488704253584,-0.9350162426854147
Kirinyaga,2025-06-09,50.580000000000005,4.389726642969923,34.445,0.0,20.62857142857143,26.6,15.6,16.4,34.445,49.54369047619048,34.445,11.000000000000002,0,0,0,0,6,34.445,34.445,34.445,34.445,34.445,34.445,0.0,34.445,0.0,34.445,0.0,24,2025,1.2246467991473532e-16,-1.0,0.23931566428755768,-0.970941817426052
Kirinyaga,2025-06-16,50.370000000000005,2.5261433055153475,34.445,0.0,21.071428571428573,26.8,16.5,3.2,34.445,50.34285714285715,34.445,10.3,0,0,0,0,6,34.445,34.445,34.445,34.445,34.445,34.445,0.0,34.445,0.0,34.445,0.0,25,2025,1.2246467991473532e-16,-1.0,0.12053668025532308,-0.992708874098054
Kirinyaga,2025-06-23,50.31857142857143,3.6535846715767986,34.445,0.0,20.82857142857143,26.7,14.2,5.6,34.445,50.42285714285715,34.445,12.5,0,0,0,0,6,34.445,34.445,34.445,34.445,34.445,34.445,0.0,34.445,0.0,34.445,0.0,26,2025,1.2246467991473532e-16,-1.0,-3.216245299353273e-16,-1.0
Kirinyaga,2025-06-30,47.81333333333333,6.117812245130336,34.445,0.0,20.714285714285715,25.6,16.7,4.8,34.445,49.50063492063492,34.445,8.900000000000002,0,0,0,0,6,34.445,34.445,34.445,34.445,34.445,34.445,0.0,34.445,0.0,34.445,0.0,27,2025,1.2246467991473532e-16,-1.0,-0.12053668025532283,-0.992708874098054
Kirinyaga,2025-07-07,45.97,2.6996049093648256,34.445,0.0,20.75714285714286,26.7,16.2,6.7,34.445,48.033968253968254,34.445,10.5,0,0,0,0,7,34.445,34.445,34.445,34.445,34.445,34.445,0.0,34.445,0.0,34.445,0.0,28,2025,-0.4999999999999997,-0.8660254037844388,-0.23931566428755743,-0.9709418174260521
Kirinyaga,2025-07-14,48.055,6.445292856030671,34.445,0.0,20.957142857142856,27.1,15.9,1.9000000000000001,34.445,47.27944444444444,34.445,11.200000000000001,0,0,0,0,7,34.445,34.445,34.445,34.445,34.445,34.445,0.0,34.445,0.0,34.445,0.0,29,2025,-0.4999999999999997,-0.8660254037844388,-0.3546048870425356,-0.9350162426854148
Kirinyaga,2025-07-21,44.951428571428565,5.276133143920929,34.445,0.0,19.87142857142857,27.2,13.2,0.4,34.445,46.32547619047619,34.445,14.0,0,0,0,0,7,34.445,34.445,34.445,34.445,34.445,34.445,0.0,34.445,0.0,34.445,0.0,30,2025,-0.4999999999999997,-0.8660254037844388,-0.46472317204376806,-0.8854560256532101
Kirinyaga,2025-07-28,40.0,5.0,34.445,0.0,20.099999999999998,25.8,14.9,1.7000000000000002,34.445,44.335476190476186,34.445,10.9,0,0,0,0,7,34.445,34.445,34.445,34.445,34.445,34.445,0.0,34.445,0.0,34.445,0.0,31,2025,-0.4999999999999997,-0.8660254037844388,-0.5680647467311556,-0.8229838658936565
Kirinyaga,2025-08-04,40.0,0.0,46.67,0.0,20.12857142857143,26.6,15.0,0.8999999999999999,46.67,41.65047619047619,38.52,11.600000000000001,0,0,0,0,8,34.445,34.445,34.445,34.445,34.445,37.50125,6.112500000000013,35.973125,4.322190200002814,35.46375,3.529053520421654,32,2025,-0.8660254037844384,-0.5000000000000004,-0.663122658240795,-0.7485107481711013
Mombasa,2021-11-08,40.0,0.0,43.33,0.0,26.62857142857143,29.4,23.0,7.0,43.33,36.666666666666664,43.33,6.399999999999999,0,0,0,0,11,43.33,43.33,43.33,43.33,43.33,43.33,0.0,43.33,0.0,43.33,0.0,45,2021,-0.5000000000000004,0.8660254037844384,-0.7485107481711011,0.6631226582407952
Mombasa,2022-06-27,64.83500000000001,2.5950818869546257,43.33,0.0,23.900000000000002,26.2,21.5,41.7,43.33,48.278333333333336,43.33,4.699999999999999,0,1,0,0,6,43.33,43.33,43.33,43.33,43.33,43.33,0.0,43.33,0.0,43.33,0.0,26,2022,1.2246467991473532e-16,-1.0,-3.216245299353273e-16,-1.0
Mombasa,2022-07-04,64.445,4.716402230514278,43.33,0.0,24.057142857142857,26.3,21.8,20.6,43.33,56.42666666666667,43.33,4.5,0,1,0,0,7,43.33,43.33,43.33,43.33,43.33,43.33,0.0,43.33,0.0,43.33,0.0,27,2022,-0.4999999999999997,-0.8660254037844388,-0.12053668025532283,-0.992708874098054
Mombasa,2022-08-29,66.11500000000001,0.7848885271170724,43.33,0.0,24.2,26.4,22.0,6.0,43.33,65.13166666666667,43.33,4.399999999999999,0,0,0,0,8,43.33,43.33,43.33,43.33,43.33,43.33,0.0,43.33,0.0,43.33,0.0,35,2022,-0.8660254037844384,-0.5000000000000004,-0.8854560256532096,-0.4647231720437691
Mombasa,2022-09-26,66.67,0.0,43.33,0.0,24.771428571428572,27.3,22.7,10.6,43.33,65.74333333333334,43.33,4.600000000000001,0,0,0,0,9,43.33,43.33,43.33,43.33,43.33,43.33,0.0,43.33,0.0,43.33,0.0,39,2022,-1.0,-1.8369701987210297e-16,-1.0,-1.8369701987210297e-16
Mombasa,2022-10-10,66.67,0.0,43.33,0.0,25.02857142857143,27.2,23.1,6.6000000000000005,43.33,66.485,43.33,4.099999999999998,0,0,0,0,10,43.33,43.33,43.33,43.33,43.33,43.33,0.0,43.33,0.0,43.33,0.0,41,2022,-0.8660254037844386,0.5000000000000001,-0.9709418174260521,0.23931566428755738
Mombasa,2022-12-12,66.67,0.0,43.33,0.0,27.142857142857142,29.8,22.7,30.3,43.33,66.67,43.33,7.100000000000001,0,1,0,0,12,43.33,43.33,43.33,43.33,43.33,43.33,0.0,43.33,0.0,43.33,0.0,50,2022,-2.4492935982947064e-16,1.0,-0.2393156642875578,0.970941817426052
Mombasa,2022-12-19,66.67,0.0,43.33,0.0,27.157142857142855,30.0,23.8,22.5,43.33,66.67,43.33,6.199999999999999,0,1,0,0,12,43.33,43.33,43.33,43.33,43.33,43.33,0.0,43.33,0.0,43.33,0.0,51,2022,-2.4492935982947064e-16,1.0,-0.12053668025532363,0.992708874098054
Mombasa,2023-01-23,52.0,0.0,43.33,0.0,26.842857142857145,30.5,23.5,1.3,43.33,61.78,43.33,7.0,0,0,1,0,1,43.33,43.33,43.33,43.33,43.33,43.33,0.0,43.33,0.0,43.33,0.0,4,2023,0.49999999999999994,0.8660254037844387,0.4647231720437685,0.8854560256532099
Mombasa,2023-01-30,70.0,4.709331162702404,43.33,0.0,27.085714285714285,30.5,24.0,1.1,43.33,62.89000000000001,43.33,6.5,0,0,1,0,1,43.33,43.33,43.33,43.33,43.33,43.33,0.0,43.33,0.0,43.33,0.0,5,2023,0.49999999999999994,0.8660254037844387,0.5680647467311558,0.8229838658936564
Mombasa,2023-02-13,64.61,10.762165209659253,43.33,0.0,27.37142857142857,30.8,24.4,3.4,43.33,62.20333333333334,43.33,6.400000000000002,0,0,1,0,2,43.33,43.33,43.33,43.33,43.33,43.33,0.0,43.33,0.0,43.33,0.0,7,2023,0.8660254037844386,0.5000000000000001,0.7485107481711011,0.6631226582407953
Mombasa,2023-02-27,78.33333333333333,2.88675134594813,43.33,0.0,27.82857142857143,31.5,25.0,0.2,43.33,70.9811111111111,43.33,6.5,0,0,1,0,2,43.33,43.33,43.33,43.33,43.33,43.33,0.0,43.33,0.0,43.33,0.0,9,2023,0.8660254037844386,0.5000000000000001,0.8854560256532099,0.4647231720437686
Mombasa,2023-03-06,75.0,0.0,43.33,0.0,27.771428571428572,31.3,24.8,2.2,43.33,72.64777777777778,43.33,6.5,0,0,1,0,3,43.33,43.33,43.33,43.33,43.33,43.33,0.0,43.33,0.0,43.33,0.0,10,2023,1.0,6.123233995736766e-17,0.9350162426854148,0.35460488704253557
Mombasa,2023-03-13,63.0,0.0,43.33,0.0,27.642857142857142,31.2,24.4,10.4,43.33,72.1111111111111,43.33,6.800000000000001,0,0,1,0,3,43.33,43.33,43.33,43.33,43.33,43.33,0.0,43.33,0.0,43.33,0.0,11,2023,1.0,6.123233995736766e-17,0.970941817426052,0.23931566428755804
Mombasa,2023-04-10,70.33333333333333,8.386497083606082,43.33,0.0,27.17142857142857,30.2,24.0,34.9,43.33,69.44444444444444,43.33,6.199999999999999,0,1,1,0,4,43.33,43.33,43.33,43.33,43.33,43.33,0.0,43.33,0.0,43.33,0.0,15,2023,0.8660254037844387,-0.4999999999999998,0.9709418174260521,-0.2393156642875575
Mombasa,2023-05-08,66.0,0.0,43.33,0.0,26.12857142857143,28.5,23.7,22.0,43.33,66.44444444444444,43.33,4.800000000000001,0,1,0,0,5,43.33,43.33,43.33,43.33,43.33,43.33,0.0,43.33,0.0,43.33,0.0,19,2023,0.49999999999999994,-0.8660254037844387,0.7485107481711013,-0.663122658240795
Mombasa,2023-05-15,85.0,7.0710678118654755,43.33,0.0,26.785714285714285,29.1,24.8,16.0,43.33,73.77777777777777,43.33,4.300000000000001,0,0,0,0,5,43.33,43.33,43.33,43.33,43.33,43.33,0.0,43.33,0.0,43.33,0.0,20,2023,0.49999999999999994,-0.8660254037844387,0.6631226582407952,-0.7485107481711012
Mombasa,2023-05-22,64.0,0.0,43.33,0.0,25.957142857142856,28.5,23.8,43.0,43.33,71.66666666666667,43.33,4.699999999999999,0,1,0,0,5,43.33,43.33,43.33,43.33,43.33,43.33,0.0,43.33,0.0,43.33,0.0,21,2023,0.49999999999999994,-0.8660254037844387,0.5680647467311558,-0.8229838658936564
Mombasa,2023-05-29,59.0,0.0,43.33,0.0,25.47142857142857,27.7,23.4,39.7,43.33,69.33333333333333,43.33,4.300000000000001,0,1,0,0,5,43.33,43.33,43.33,43.33,43.33,43.33,0.0,43.33,0.0,43.33,0.0,22,2023,0.49999999999999994,-0.8660254037844387,0.46472317204376906,-0.8854560256532096
Mombasa,2023-06-05,76.66666666666667,2.886751345948127,43.33,0.0,25.52857142857143,28.8,23.4,26.0,43.33,66.55555555555556,43.33,5.400000000000002,0,1,0,0,6,43.33,43.33,43.33,43.33,43.33,43.33,0.0,43.33,0.0,43.33,0.0,23,2023,1.2246467991473532e-16,-1.0,0.35460488704253584,-0.9350162426854147
Mombasa,2023-06-12,64.0,0.0,43.33,0.0,26.2,28.2,23.8,2.1,43.33,66.55555555555556,43.33,4.399999999999999,0,0,0,0,6,43.33,43.33,43.33,43.33,43.33,43.33,0.0,43.33,0.0,43.33,0.0,24,2023,1.2246467991473532e-16,-1.0,0.23931566428755768,-0.970941817426052
Mombasa,2023-07-03,56.5,0.0,43.33,0.0,24.24285714285714,26.6,21.6,45.0,43.33,65.72222222222223,43.33,5.0,0,1,0,0,7,43.33,43.33,43.33,43.33,43.33,43.33,0.0,43.33,0.0,43.33,0.0,27,2023,-0.4999999999999997,-0.8660254037844388,-0.12053668025532283,-0.992708874098054
Mombasa,2023-07-10,60.0,0.0,43.33,0.0,25.014285714285712,27.6,22.1,15.700000000000001,43.33,60.166666666666664,43.33,5.5,0,0,0,0,7,43.33,43.33,43.33,43.33,43.33,43.33,0.0,43.33,0.0,43.33,0.0,28,2023,-0.4999999999999997,-0.8660254037844388,-0.23931566428755743,-0.9709418174260521
Mombasa,2023-08-07,75.0,0.0,43.33,0.0,24.97142857142857,27.3,22.7,7.5,43.33,63.833333333333336,43.33,4.600000000000001,0,0,0,0,8,43.33,43.33,43.33,43.33,43.33,43.33,0.0,43.33,0.0,43.33,0.0,32,2023,-0.8660254037844384,-0.5000000000000004,-0.663122658240795,-0.7485107481711013
Mombasa,2023-08-21,75.0,0.0,43.33,0.0,25.37142857142857,27.9,23.0,13.6,43.33,70.0,43.33,4.899999999999999,0,0,0,0,8,43.33,43.33,43.33,43.33,43.33,43.33,0.0,43.33,0.0,43.33,0.0,34,2023,-0.8660254037844384,-0.5000000000000004,-0.8229838658936564,-0.5680647467311559
Mombasa,2024-02-05,75.0,0.0,43.33,0.0,28.885714285714283,32.1,25.8,9.2,43.33,75.0,43.33,6.300000000000001,0,0,1,0,2,43.33,43.33,43.33,43.33,43.33,43.33,0.0,43.33,0.0,43.33,0.0,6,2024,0.8660254037844386,0.5000000000000001,0.6631226582407952,0.7485107481711011
Mombasa,2024-02-12,75.0,0.0,42.775,0.0,28.97142857142857,33.0,25.6,10.1,42.775,75.0,43.145,7.399999999999999,0,0,1,0,2,43.33,43.33,43.33,43.33,43.33,43.191250000000004,0.27749999999999925,43.260625,0.19622213177926667,43.28375,0.16021469970012098,7,2024,0.8660254037844386,0.5000000000000001,0.7485107481711011,0.6631226582407953
Mombasa,2024-02-26,75.0,0.0,37.78,0.0,28.67142857142857,32.2,25.0,32.3,37.78,75.0,41.294999999999995,7.200000000000003,0,1,1,0,2,42.775,43.33,43.33,43.33,43.33,41.80375,2.6952284226016876,42.566874999999996,1.9439153007342074,42.82125,1.5955792977644634,9,2024,0.8660254037844386,0.5000000000000001,0.8854560256532099,0.4647231720437686
Mombasa,2024-03-04,75.0,0.0,36.11,0.0,29.0,32.2,26.4,17.5,36.11,75.0,38.88833333333333,5.800000000000004,0,0,1,0,3,37.78,42.775,43.33,43.33,43.33,39.99875,3.5986117114798533,41.664375,2.9530727792057028,42.21958333333333,2.4944050650982614,10,2024,1.0,6.123233995736766e-17,0.9350162426854148,0.35460488704253557
Mombasa,2024-03-18,75.0,0.0,35.56,0.0,27.857142857142858,30.9,24.8,53.8,35.56,75.0,36.48333333333333,6.099999999999998,0,1,1,0,3,36.11,37.78,42.775,43.33,43.33,38.05625,3.2844110963763256,40.693125,3.5453580692626354,41.57208333333333,3.11197938934321,12,2024,1.0,6.123233995736766e-17,0.992708874098054,0.120536680255323
Mombasa,2024-04-15,75.0,0.0,35.56,0.0,26.228571428571428,28.8,23.9,70.7,35.56,75.0,35.74333333333333,4.900000000000002,0,1,0,0,4,35.56,36.11,37.78,42.775,43.33,36.2525,1.050821107515423,39.721875,3.776547873294561,40.92458333333333,3.4974324727598534,16,2024,0.8660254037844387,-0.4999999999999998,0.9350162426854148,-0.35460488704253545
Mombasa,2024-04-22,75.0,0.0,33.89,0.0,26.414285714285715,30.2,24.5,154.4,33.89,75.0,35.00333333333334,5.699999999999999,0,1,1,0,4,35.56,35.56,36.11,37.78,43.33,35.28,0.96225429764344,38.541875,3.95852059080878,40.13791666666666,3.9407610353685145,17,2024,0.8660254037844387,-0.4999999999999998,0.8854560256532099,-0.4647231720437685
Mombasa,2024-04-29,75.0,0.0,34.44,0.0,28.385714285714283,31.8,25.5,0.1,34.44,75.0,34.63,6.300000000000001,0,0,1,0,4,33.89,35.56,35.56,36.11,43.33,34.862500000000004,0.8361170173286795,37.430625,3.6588331839340658,39.397083333333335,4.1177710532483,18,2024,0.8660254037844387,-0.4999999999999998,0.8229838658936565,-0.5680647467311557
Mombasa,2024-05-13,75.0,0.0,32.78,0.0,27.771428571428572,30.6,25.9,1.8,32.78,75.0,33.70333333333334,4.700000000000003,0,0,1,0,5,34.44,33.89,35.56,35.56,43.33,34.167500000000004,1.1569320060689003,36.111875000000005,3.0850398671885593,38.517916666666665,4.322869132633867,20,2024,0.49999999999999994,-0.8660254037844387,0.6631226582407952,-0.7485107481711012
Mombasa,2024-05-20,75.0,0.0,32.78,0.0,26.771428571428572,31.0,24.0,42.6,32.78,75.0,33.333333333333336,7.0,0,1,1,0,5,32.78,34.44,33.89,35.56,42.775,33.472500000000004,0.8305570419904637,34.8625,1.7253964347774677,37.638749999999995,4.3280428733593,21,2024,0.49999999999999994,-0.8660254037844387,0.5680647467311558,-0.8229838658936564
Mombasa,2024-06-10,75.0,0.0,32.22,0.0,26.842857142857145,29.4,24.5,3.1,32.22,75.0,32.593333333333334,4.899999999999999,0,0,0,0,6,32.78,32.78,34.44,33.89,37.78,33.055,0.9603298044595326,34.1675,1.4854412523845055,36.712916666666665,4.185885622776803,24,2024,1.2246467991473532e-16,-1.0,0.23931566428755768,-0.970941817426052
Mombasa,2024-06-17,75.0,0.0,32.22,0.0,25.657142857142855,29.5,22.9,45.9,32.22,75.0,32.406666666666666,6.600000000000001,0,1,0,0,6,32.22,32.78,32.78,34.44,36.11,32.5,0.3233161507461188,33.68125,1.3925150678845968,35.787083333333335,3.800149792701537,25,2024,1.2246467991473532e-16,-1.0,0.12053668025532308,-0.992708874098054
Mombasa,2024-07-01,75.0,0.0,27.78,0.0,25.785714285714285,28.1,23.4,8.3,27.78,75.0,30.74,4.700000000000003,0,0,0,0,7,32.22,32.22,32.78,32.78,35.56,31.25,2.3283470531688244,32.70875,2.3084530225115625,34.49125,3.6421784970735955,27,2024,-0.4999999999999997,-0.8660254037844388,-0.12053668025532283,-0.992708874098054
Mombasa,2024-07-22,75.0,0.0,32.22,0.0,25.385714285714283,28.0,22.8,8.0,32.22,75.0,30.74,5.199999999999999,0,0,0,0,7,27.78,32.22,32.22,32.78,35.56,31.11,2.2199999999999878,32.29125,2.0006244560850543,33.611666666666665,2.5791853306222072,30,2024,-0.4999999999999997,-0.8660254037844388,-0.46472317204376806,-0.8854560256532101
Mombasa,2025-03-31,75.0,0.0,47.22,0.0,26.857142857142858,30.2,23.8,61.7,47.22,75.0,35.74,6.399999999999999,0,1,1,0,3,32.22,27.78,32.22,32.22,33.89,34.86,8.501670424099016,33.957499999999996,5.683534488829482,34.39833333333333,4.607896055751028,14,2025,1.0,6.123233995736766e-17,0.992708874098054,-0.12053668025532288
Mombasa,2025-08-04,75.0,0.0,44.305,0.0,24.385714285714283,27.0,21.9,11.1,44.305,75.0,41.248333333333335,5.100000000000001,0,0,0,0,8,47.22,32.22,27.78,32.22,34.44,37.881249999999994,9.355244852487825,35.190625,6.769586628812716,35.081250000000004,5.4202944087265745,32,2025,-0.8660254037844384,-0.5000000000000004,-0.663122658240795,-0.7485107481711013
Mombasa,2025-08-11,75.0,0.0,42.78,0.0,25.014285714285712,27.9,22.5,6.7,42.78,75.0,44.76833333333334,5.399999999999999,0,0,0,0,8,44.305,47.22,32.22,27.78,32.78,41.631249999999994,6.538968286358325,36.440625,7.172154705874653,35.682916666666664,5.8610658580521084,33,2025,-0.8660254037844384,-0.5000000000000004,-0.7485107481711011,-0.6631226582407952
Nairobi,2021-09-20,52.26,28.416593743796952,49.63,0.0,18.62857142857143,26.2,11.1,2.5,49.63,43.099999999999994,49.63,15.1,0,0,0,0,9,49.63,49.63,49.63,49.63,49.63,49.63,0.0,49.63,0.0,49.63,0.0,38,2021,-1.0,-1.8369701987210297e-16,-0.992708874098054,-0.12053668025532357
Nairobi,2021-09-27,33.25,1.0606601717798212,49.63,0.0,19.771428571428572,28.0,11.4,2.1,49.63,40.849999999999994,49.63,16.6,0,0,0,0,9,49.63,49.63,49.63,49.63,49.63,49.63,0.0,49.63,0.0,49.63,0.0,39,2021,-1.0,-1.8369701987210297e-16,-1.0,-1.8369701987210297e-16
Nairobi,2021-10-04,40.0,0.0,49.63,0.0,20.2,28.5,11.9,2.9000000000000004,49.63,41.836666666666666,49.63,16.6,0,0,0,0,10,49.63,49.63,49.63,49.63,49.63,49.63,0.0,49.63,0.0,49.63,0.0,40,2021,-0.8660254037844386,0.5000000000000001,-0.992708874098054,0.1205366802553232
Nairobi,2021-10-11,32.0,2.8284271247461903,49.63,0.0,19.957142857142856,27.8,12.4,6.8999999999999995,49.63,35.083333333333336,49.63,15.4,0,0,0,0,10,49.63,49.63,49.63,49.63,49.63,49.63,0.0,49.63,0.0,49.63,0.0,41,2021,-0.8660254037844386,0.5000000000000001,-0.9709418174260521,0.23931566428755738
Nairobi,2021-10-18,27.0,9.899494936611665,49.63,0.0,19.914285714285715,28.0,13.3,7.8999999999999995,49.63,33.0,49.63,14.7,0,0,0,0,10,49.63,49.63,49.63,49.63,49.63,49.63,0.0,49.63,0.0,49.63,0.0,42,2021,-0.8660254037844386,0.5000000000000001,-0.9350162426854148,0.35460488704253557
Nairobi,2021-10-25,27.5,3.5355339059327378,49.63,0.0,20.057142857142857,28.6,12.8,8.9,49.63,28.833333333333332,49.63,15.8,0,0,0,0,10,49.63,49.63,49.63,49.63,49.63,49.63,0.0,49.63,0.0,49.63,0.0,43,2021,-0.8660254037844386,0.5000000000000001,-0.8854560256532101,0.464723172043768
Nairobi,2021-11-01,33.0,2.8284271247461903,49.63,0.0,20.328571428571426,28.1,14.1,2.1999999999999997,49.63,29.166666666666668,49.63,14.000000000000002,0,0,0,0,11,49.63,49.63,49.63,49.63,49.63,49.63,0.0,49.63,0.0,49.63,0.0,44,2021,-0.5000000000000004,0.8660254037844384,-0.822983865893657,0.5680647467311548
Nairobi,2021-11-08,33.888888888888886,3.8873012632302,49.63,0.0,19.957142857142856,28.0,12.7,10.2,49.63,31.462962962962962,49.63,15.3,0,0,0,0,11,49.63,49.63,49.63,49.63,49.63,49.63,0.0,49.63,0.0,49.63,0.0,45,2021,-0.5000000000000004,0.8660254037844384,-0.7485107481711011,0.6631226582407952
Nairobi,2021-11-15,35.0,0.0,49.63,0.0,19.785714285714285,28.1,13.8,8.7,49.63,33.96296296296296,49.63,14.3,0,0,0,0,11,49.63,49.63,49.63,49.63,49.63,49.63,0.0,49.63,0.0,49.63,0.0,46,2021,-0.5000000000000004,0.8660254037844384,-0.6631226582407955,0.7485107481711007
Nairobi,2021-11-22,33.0,2.8284271247461903,49.63,0.0,19.728571428571428,28.8,13.6,19.299999999999997,49.63,33.96296296296296,49.63,15.200000000000001,0,0,0,0,11,49.63,49.63,49.63,49.63,49.63,49.63,0.0,49.63,0.0,49.63,0.0,47,2021,-0.5000000000000004,0.8660254037844384,-0.5680647467311559,0.8229838658936564
Nairobi,2021-11-29,32.776666666666664,2.5455123911176187,49.63,0.0,17.728571428571428,24.6,14.8,28.2,49.63,33.592222222222226,49.63,9.8,0,1,0,0,11,49.63,49.63,49.63,49.63,49.63,49.63,0.0,49.63,0.0,49.63,0.0,48,2021,-0.5000000000000004,0.8660254037844384,-0.4647231720437684,0.88545602565321
Nairobi,2021-12-13,32.5,3.5355339059327378,49.63,0.0,18.157142857142855,24.5,13.6,22.9,49.63,32.75888888888889,49.63,10.9,0,1,0,0,12,49.63,49.63,49.63,49.63,49.63,49.63,0.0,49.63,0.0,49.63,0.0,50,2021,-2.4492935982947064e-16,1.0,-0.2393156642875578,0.970941817426052
Nairobi,2021-12-20,35.0,0.0,49.63,0.0,18.514285714285712,24.9,14.9,31.4,49.63,33.425555555555555,49.63,9.999999999999998,0,1,0,0,12,49.63,49.63,49.63,49.63,49.63,49.63,0.0,49.63,0.0,49.63,0.0,51,2021,-2.4492935982947064e-16,1.0,-0.12053668025532363,0.992708874098054
Nairobi,2022-01-03,36.5,2.1213203435596424,49.63,0.0,19.0,26.8,12.9,4.5,49.63,34.666666666666664,49.63,13.9,0,0,0,0,1,49.63,49.63,49.63,49.63,49.63,49.63,0.0,49.63,0.0,49.63,0.0,1,2022,0.49999999999999994,0.8660254037844387,0.12053668025532305,0.992708874098054
Nairobi,2022-01-10,35.0,5.0,49.63,0.0,19.12857142857143,28.3,11.5,0.8,49.63,35.5,49.63,16.8,0,0,0,0,1,49.63,49.63,49.63,49.63,49.63,49.63,0.0,49.63,0.0,49.63,0.0,2,2022,0.49999999999999994,0.8660254037844387,0.23931566428755774,0.970941817426052
Nairobi,2022-01-17,34.443333333333335,0.9641749495466755,49.63,0.0,18.857142857142858,26.9,12.9,16.5,49.63,35.31444444444444,49.63,13.999999999999998,0,0,0,0,1,49.63,49.63,49.63,49.63,49.63,49.63,0.0,49.63,0.0,49.63,0.0,3,2022,0.49999999999999994,0.8660254037844387,0.3546048870425356,0.9350162426854148
Nairobi,2022-01-24,35.0,0.0,49.63,0.0,19.685714285714287,27.8,11.9,0.4,49.63,34.81444444444444,49.63,15.9,0,0,0,0,1,49.63,49.63,49.63,49.63,49.63,49.63,0.0,49.63,0.0,49.63,0.0,4,2022,0.49999999999999994,0.8660254037844387,0.4647231720437685,0.8854560256532099
Nairobi,2022-01-31,37.5,3.5355339059327378,49.63,0.0,20.042857142857144,28.6,13.0,6.6000000000000005,49.63,35.647777777777776,49.63,15.600000000000001,0,0,0,0,1,49.63,49.63,49.63,49.63,49.63,49.63,0.0,49.63,0.0,49.63,0.0,5,2022,0.49999999999999994,0.8660254037844387,0.5680647467311558,0.8229838658936564
Nairobi,2022-02-07,33.89,1.9225763964014528,49.63,0.0,20.228571428571428,28.3,13.4,0.7,49.63,35.46333333333333,49.63,14.9,0,0,0,0,2,49.63,49.63,49.63,49.63,49.63,49.63,0.0,49.63,0.0,49.63,0.0,6,2022,0.8660254037844386,0.5000000000000001,0.6631226582407952,0.7485107481711011
Nairobi,2022-02-14,32.5,1.1737972567696664,49.63,0.0,21.285714285714285,29.5,13.1,0.6,49.63,34.63,49.63,16.4,0,0,0,0,2,49.63,49.63,49.63,49.63,49.63,49.63,0.0,49.63,0.0,49.63,0.0,7,2022,0.8660254037844386,0.5000000000000001,0.7485107481711011,0.6631226582407953
Nairobi,2022-02-21,33.33,0.0,49.63,0.0,19.7,28.8,13.1,7.5,49.63,33.24,49.63,15.700000000000001,0,0,0,0,2,49.63,49.63,49.63,49.63,49.63,49.63,0.0,49.63,0.0,49.63,0.0,8,2022,0.8660254037844386,0.5000000000000001,0.8229838658936564,0.5680647467311559
Nairobi,2022-02-28,31.665,0.7848885271170674,49.63,0.0,20.414285714285715,28.6,13.6,0.2,49.63,32.498333333333335,49.63,15.000000000000002,0,0,0,0,2,49.63,49.63,49.63,49.63,49.63,49.63,0.0,49.63,0.0,49.63,0.0,9,2022,0.8660254037844386,0.5000000000000001,0.8854560256532099,0.4647231720437686
Nairobi,2022-03-07,31.0,1.4142135623730951,49.63,0.0,21.142857142857142,29.6,13.9,0.0,49.63,31.998333333333335,49.63,15.700000000000001,0,0,0,0,3,49.63,49.63,49.63,49.63,49.63,49.63,0.0,49.63,0.0,49.63,0.0,10,2022,1.0,6.123233995736766e-17,0.9350162426854148,0.35460488704253557
Nairobi,2022-03-14,32.5,3.5355339059327378,49.63,0.0,21.571428571428573,30.0,13.8,0.1,49.63,31.721666666666664,49.63,16.2,0,0,0,0,3,49.63,49.63,49.63,49.63,49.63,49.63,0.0,49.63,0.0,49.63,0.0,11,2022,1.0,6.123233995736766e-17,0.970941817426052,0.23931566428755804
Nairobi,2022-03-21,34.582499999999996,1.1678577253529927,49.63,0.0,21.071428571428573,29.1,14.1,2.7,49.63,32.69416666666667,49.63,15.000000000000002,0,0,0,0,3,49.63,49.63,49.63,49.63,49.63,49.63,0.0,49.63,0.0,49.63,0.0,12,2022,1.0,6.123233995736766e-17,0.992708874098054,0.120536680255323
Nairobi,2022-03-28,35.0,0.0,49.63,0.0,19.428571428571427,27.8,14.2,18.0,49.63,34.027499999999996,49.63,13.600000000000001,0,0,0,0,3,49.63,49.63,49.63,49.63,49.63,49.63,0.0,49.63,0.0,49.63,0.0,13,2022,1.0,6.123233995736766e-17,1.0,-1.6081226496766364e-16
Nairobi,2022-04-04,38.89,0.0,49.63,0.0,19.67142857142857,27.7,12.9,5.1,49.63,36.1575,49.63,14.799999999999999,0,0,0,0,4,49.63,49.63,49.63,49.63,49.63,49.63,0.0,49.63,0.0,49.63,0.0,14,2022,0.8660254037844387,-0.4999999999999998,0.992708874098054,-0.12053668025532288
Nairobi,2022-04-11,38.6125,0.5549999999999987,49.63,0.0,20.385714285714283,28.0,13.9,16.3,49.63,37.50083333333333,49.63,14.1,0,0,0,0,4,49.63,49.63,49.63,49.63,49.63,49.63,0.0,49.63,0.0,49.63,0.0,15,2022,0.8660254037844387,-0.4999999999999998,0.9709418174260521,-0.2393156642875575
Nairobi,2022-04-18,46.666666666666664,5.773502691896258,49.63,0.0,19.25714285714286,26.4,15.5,33.9,49.63,41.38972222222222,49.63,10.899999999999999,0,1,0,0,4,49.63,49.63,49.63,49.63,49.63,49.63,0.0,49.63,0.0,49.63,0.0,16,2022,0.8660254037844387,-0.4999999999999998,0.9350162426854148,-0.35460488704253545
Nairobi,2022-04-25,50.0,0.0,49.63,0.0,18.657142857142855,25.5,14.8,31.5,49.63,45.09305555555556,49.63,10.7,0,1,0,0,4,49.63,49.63,49.63,49.63,49.63,49.63,0.0,49.63,0.0,49.63,0.0,17,2022,0.8660254037844387,-0.4999999999999998,0.8854560256532099,-0.4647231720437685
Nairobi,2022-05-02,38.89,0.0,49.63,0.0,18.271428571428572,25.3,12.8,18.0,49.63,45.18555555555556,49.63,12.5,0,0,0,0,5,49.63,49.63,49.63,49.63,49.63,49.63,0.0,49.63,0.0,49.63,0.0,18,2022,0.49999999999999994,-0.8660254037844387,0.8229838658936565,-0.5680647467311557
Nairobi,2022-05-09,46.888,4.541224504470133,49.63,0.0,19.2,25.5,13.1,1.5,49.63,45.25933333333334,49.63,12.4,0,0,0,0,5,49.63,49.63,49.63,49.63,49.63,49.63,0.0,49.63,0.0,49.63,0.0,19,2022,0.49999999999999994,-0.8660254037844387,0.7485107481711013,-0.663122658240795
Nairobi,2022-05-16,50.18666666666667,7.933593553155259,49.63,0.0,18.642857142857142,26.1,11.8,2.7,49.63,45.32155555555556,49.63,14.3,0,0,0,0,5,49.63,49.63,49.63,49.63,49.63,49.63,0.0,49.63,0.0,49.63,0.0,20,2022,0.49999999999999994,-0.8660254037844387,0.6631226582407952,-0.7485107481711012
Nairobi,2022-05-30,55.56,0.0,49.63,0.0,17.885714285714286,24.8,10.6,7.4,49.63,50.87822222222221,49.63,14.200000000000001,0,0,0,0,5,49.63,49.63,49.63,49.63,49.63,49.63,0.0,49.63,0.0,49.63,0.0,22,2022,0.49999999999999994,-0.8660254037844387,0.46472317204376906,-0.8854560256532096
Nairobi,2022-06-06,55.18833333333333,0.9103936877344146,49.63,0.0,18.02857142857143,24.6,11.9,4.5,49.63,53.645,49.63,12.700000000000001,0,0,0,0,6,49.63,49.63,49.63,49.63,49.63,49.63,0.0,49.63,0.0,49.63,0.0,23,2022,1.2246467991473532e-16,-1.0,0.35460488704253584,-0.9350162426854147
Nairobi,2022-06-13,55.18833333333333,0.9103936877344155,49.63,0.0,17.642857142857142,25.5,10.8,1.4000000000000001,49.63,55.312222222222225,49.63,14.7,0,0,0,0,6,49.63,49.63,49.63,49.63,49.63,49.63,0.0,49.63,0.0,49.63,0.0,24,2022,1.2246467991473532e-16,-1.0,0.23931566428755768,-0.970941817426052
Nairobi,2022-06-20,55.56,0.0,49.63,0.0,17.214285714285715,23.8,10.2,4.300000000000001,49.63,55.312222222222225,49.63,13.600000000000001,0,0,0,0,6,49.63,49.63,49.63,49.63,49.63,49.63,0.0,49.63,0.0,49.63,0.0,25,2022,1.2246467991473532e-16,-1.0,0.12053668025532308,-0.992708874098054
Nairobi,2022-06-27,67.556,2.982914681984721,49.63,0.0,16.52857142857143,24.0,10.1,1.2000000000000002,49.63,59.434777777777775,49.63,13.9,0,0,0,0,6,49.63,49.63,49.63,49.63,49.63,49.63,0.0,49.63,0.0,49.63,0.0,26,2022,1.2246467991473532e-16,-1.0,-3.216245299353273e-16,-1.0
Nairobi,2022-07-04,68.33333333333333,5.652750363023886,49.63,0.0,16.185714285714287,24.5,8.9,2.6,49.63,63.81644444444444,49.63,15.6,0,0,0,0,7,49.63,49.63,49.63,49.63,49.63,49.63,0.0,49.63,0.0,49.63,0.0,27,2022,-0.4999999999999997,-0.8660254037844388,-0.12053668025532283,-0.992708874098054
Nairobi,2022-07-11,65.23714285714286,7.527934011147445,49.63,0.0,16.585714285714285,24.2,10.4,4.4,49.63,67.04215873015873,49.63,13.799999999999999,0,0,0,0,7,49.63,49.63,49.63,49.63,49.63,49.63,0.0,49.63,0.0,49.63,0.0,28,2022,-0.4999999999999997,-0.8660254037844388,-0.23931566428755743,-0.9709418174260521
Nairobi,2022-07-18,67.03666666666668,8.393334657135187,49.63,0.0,16.4,24.6,10.1,2.7,49.63,66.86904761904763,49.63,14.500000000000002,0,0,0,0,7,49.63,49.63,49.63,49.63,49.63,49.63,0.0,49.63,0.0,49.63,0.0,29,2022,-0.4999999999999997,-0.8660254037844388,-0.3546048870425356,-0.9350162426854148
Nairobi,2022-07-25,63.332857142857144,8.34026920885594,49.63,0.0,17.0,23.5,10.1,4.1,49.63,65.20222222222223,49.63,13.4,0,0,0,0,7,49.63,49.63,49.63,49.63,49.63,49.63,0.0,49.63,0.0,49.63,0.0,30,2022,-0.4999999999999997,-0.8660254037844388,-0.46472317204376806,-0.8854560256532101
Nairobi,2022-08-01,68.14666666666666,7.258654604447485,49.63,0.0,15.928571428571429,21.9,9.2,9.799999999999999,49.63,66.17206349206349,49.63,12.7,0,0,0,0,8,49.63,49.63,49.63,49.63,49.63,49.63,0.0,49.63,0.0,49.63,0.0,31,2022,-0.8660254037844384,-0.5000000000000004,-0.5680647467311556,-0.8229838658936565
Nairobi,2022-08-08,65.56,0.0,49.63,0.0,16.314285714285713,23.7,9.5,6.1,49.63,65.67984126984128,49.63,14.2,0,0,0,0,8,49.63,49.63,49.63,49.63,49.63,49.63,0.0,49.63,0.0,49.63,0.0,32,2022,-0.8660254037844384,-0.5000000000000004,-0.663122658240795,-0.7485107481711013
Nairobi,2022-08-15,72.22,0.0,49.63,0.0,17.62857142857143,27.5,9.1,5.5,49.63,68.64222222222222,49.63,18.4,0,0,0,0,8,49.63,49.63,49.63,49.63,49.63,49.63,0.0,49.63,0.0,49.63,0.0,33,2022,-0.8660254037844384,-0.5000000000000004,-0.7485107481711011,-0.6631226582407952
Nairobi,2022-08-22,68.14666666666666,6.349310723745267,49.63,0.0,16.557142857142857,23.5,9.8,4.0,49.63,68.64222222222223,49.63,13.7,0,0,0,0,8,49.63,49.63,49.63,49.63,49.63,49.63,0.0,49.63,0.0,49.63,0.0,34,2022,-0.8660254037844384,-0.5000000000000004,-0.8229838658936564,-0.5680647467311559
Nairobi,2022-08-29,71.48,5.052286611030692,49.63,0.0,17.357142857142858,26.1,10.5,1.5,49.63,70.61555555555556,49.63,15.600000000000001,0,0,0,0,8,49.63,49.63,49.63,49.63,49.63,49.63,0.0,49.63,0.0,49.63,0.0,35,2022,-0.8660254037844384,-0.5000000000000004,-0.8854560256532096,-0.4647231720437691
Nairobi,2022-09-05,70.55499999999999,7.329746926054132,49.63,0.0,17.2,26.1,10.6,13.799999999999999,49.63,70.06055555555555,49.63,15.500000000000002,0,0,0,0,9,49.63,49.63,49.63,49.63,49.63,49.63,0.0,49.63,0.0,49.63,0.0,36,2022,-1.0,-1.8369701987210297e-16,-0.9350162426854147,-0.3546048870425359
Nairobi,2022-09-12,67.06428571428572,3.639564338135618,49.63,0.0,17.571428571428573,24.5,11.9,3.4,49.63,69.6997619047619,49.63,12.6,0,0,0,0,9,49.63,49.63,49.63,49.63,49.63,49.63,0.0,49.63,0.0,49.63,0.0,37,2022,-1.0,-1.8369701987210297e-16,-0.970941817426052,-0.23931566428755774
Nairobi,2022-09-19,65.27875,2.3588764728755356,49.63,0.0,18.714285714285715,27.9,11.6,3.2,49.63,67.63267857142857,49.63,16.299999999999997,0,0,0,0,9,49.63,49.63,49.63,49.63,49.63,49.63,0.0,49.63,0.0,49.63,0.0,38,2022,-1.0,-1.8369701987210297e-16,-0.992708874098054,-0.12053668025532357
Nairobi,2022-09-26,65.92833333333333,1.3481308047317444,49.63,0.0,19.085714285714285,27.0,10.4,1.9,49.63,66.09045634920635,49.63,16.6,0,0,0,0,9,49.63,49.63,49.63,49.63,49.63,49.63,0.0,49.63,0.0,49.63,0.0,39,2022,-1.0,-1.8369701987210297e-16,-1.0,-1.8369701987210297e-16
Nairobi,2022-10-03,65.695,1.3885449732929611,49.63,0.0,19.3,27.7,11.9,4.0,49.63,65.63402777777777,49.63,15.799999999999999,0,0,0,0,10,49.63,49.63,49.63,49.63,49.63,49.63,0.0,49.63,0.0,49.63,0.0,40,2022,-0.8660254037844386,0.5000000000000001,-0.992708874098054,0.1205366802553232
Nairobi,2022-10-10,65.2775,5.029841661807769,49.63,0.0,19.25714285714286,28.2,10.1,0.5,49.63,65.63361111111111,49.63,18.1,0,0,0,0,10,49.63,49.63,49.63,49.63,49.63,49.63,0.0,49.63,0.0,49.63,0.0,41,2022,-0.8660254037844386,0.5000000000000001,-0.9709418174260521,0.23931566428755738
Nairobi,2022-10-17,66.67,0.0,49.63,0.0,19.714285714285715,28.0,11.2,4.5,49.63,65.88083333333333,49.63,16.8,0,0,0,0,10,49.63,49.63,49.63,49.63,49.63,49.63,0.0,49.63,0.0,49.63,0.0,42,2022,-0.8660254037844386,0.5000000000000001,-0.9350162426854148,0.35460488704253557
Nairobi,2022-10-24,71.10857142857142,5.911557686914194,49.63,0.0,20.957142857142856,28.7,13.6,5.8,49.63,67.68535714285714,49.63,15.1,0,0,0,0,10,49.63,49.63,49.63,49.63,49.63,49.63,0.0,49.63,0.0,49.63,0.0,43,2022,-0.8660254037844386,0.5000000000000001,-0.8854560256532101,0.464723172043768
Nairobi,2022-10-31,73.33,1.2817175976009707,49.63,0.0,18.442857142857143,26.5,13.2,31.4,49.63,70.36952380952381,49.63,13.3,0,1,0,0,10,49.63,49.63,49.63,49.63,49.63,49.63,0.0,49.63,0.0,49.63,0.0,44,2022,-0.8660254037844386,0.5000000000000001,-0.822983865893657,0.5680647467311548
Nairobi,2022-11-07,67.22125,6.6120916022952105,49.63,0.0,18.771428571428572,26.0,13.1,22.0,49.63,70.55327380952382,49.63,12.9,0,1,0,0,11,49.63,49.63,49.63,49.63,49.63,49.63,0.0,49.63,0.0,49.63,0.0,45,2022,-0.5000000000000004,0.8660254037844384,-0.7485107481711011,0.6631226582407952
Nairobi,2022-11-14,67.28222222222222,7.160093885169695,49.63,0.0,17.599999999999998,24.9,14.4,40.2,49.63,69.27782407407408,49.63,10.499999999999998,0,1,0,0,11,49.63,49.63,49.63,49.63,49.63,49.63,0.0,49.63,0.0,49.63,0.0,46,2022,-0.5000000000000004,0.8660254037844384,-0.6631226582407955,0.7485107481711007
Nairobi,2022-11-21,68.75125,1.822709423593662,49.63,0.0,18.085714285714285,25.0,13.5,23.0,49.63,67.75157407407407,49.63,11.5,0,1,0,0,11,49.63,49.63,49.63,49.63,49.63,49.63,0.0,49.63,0.0,49.63,0.0,47,2022,-0.5000000000000004,0.8660254037844384,-0.5680647467311559,0.8229838658936564
Nairobi,2022-11-28,70.36833333333333,2.954748156216815,49.63,0.0,18.014285714285712,24.7,14.6,24.099999999999998,49.63,68.80060185185185,49.63,10.1,0,1,0,0,11,49.63,49.63,49.63,49.63,49.63,49.63,0.0,49.63,0.0,49.63,0.0,48,2022,-0.5000000000000004,0.8660254037844384,-0.4647231720437684,0.88545602565321
Nairobi,2022-12-05,67.77777777777777,2.9405644771785653,49.63,0.0,18.37142857142857,25.4,13.7,18.799999999999997,49.63,68.96578703703703,49.63,11.7,0,0,0,0,12,49.63,49.63,49.63,49.63,49.63,49.63,0.0,49.63,0.0,49.63,0.0,49,2022,-2.4492935982947064e-16,1.0,-0.35460488704253595,0.9350162426854147
Nairobi,2022-12-12,69.112,1.9856283640198136,49.63,0.0,18.485714285714288,25.8,13.3,9.4,49.63,69.08603703703703,49.63,12.5,0,0,0,0,12,49.63,49.63,49.63,49.63,49.63,49.63,0.0,49.63,0.0,49.63,0.0,50,2022,-2.4492935982947064e-16,1.0,-0.2393156642875578,0.970941817426052
Nairobi,2022-12-19,66.66499999999999,3.8509262954948085,49.63,0.0,19.24285714285714,26.3,13.4,6.9,49.63,67.85159259259258,49.63,12.9,0,0,0,0,12,49.63,49.63,49.63,49.63,49.63,49.63,0.0,49.63,0.0,49.63,0.0,51,2022,-2.4492935982947064e-16,1.0,-0.12053668025532363,0.992708874098054
Nairobi,2022-12-26,63.774,0.9928141820099039,49.63,0.0,18.228571428571428,26.2,12.4,7.1000000000000005,49.63,66.517,49.63,13.799999999999999,0,0,0,0,12,49.63,49.63,49.63,49.63,49.63,49.63,0.0,49.63,0.0,49.63,0.0,52,2022,-2.4492935982947064e-16,1.0,6.432490598706546e-16,1.0
Nairobi,2023-01-02,64.55555555555556,5.204402249805233,49.63,0.0,17.87142857142857,26.1,11.9,8.8,49.63,64.99818518518519,49.63,14.200000000000001,0,0,0,0,1,49.63,49.63,49.63,49.63,49.63,49.63,0.0,49.63,0.0,49.63,0.0,1,2023,0.49999999999999994,0.8660254037844387,0.12053668025532305,0.992708874098054
Nairobi,2023-01-09,61.16636363636364,4.41488906480621,49.63,0.0,19.099999999999998,26.6,12.6,2.0,49.63,63.1653063973064,49.63,14.000000000000002,0,0,0,0,1,49.63,49.63,49.63,49.63,49.63,49.63,0.0,49.63,0.0,49.63,0.0,2,2023,0.49999999999999994,0.8660254037844387,0.23931566428755774,0.970941817426052
Nairobi,2023-01-16,59.5375,0.8801872218196218,49.63,0.0,19.8,28.6,11.6,0.0,49.63,61.75313973063973,49.63,17.0,0,0,0,0,1,49.63,49.63,49.63,49.63,49.63,49.63,0.0,49.63,0.0,49.63,0.0,3,2023,0.49999999999999994,0.8660254037844387,0.3546048870425356,0.9350162426854148
Nairobi,2023-01-23,58.778,2.1251133303112746,49.63,0.0,19.742857142857144,28.0,11.3,0.2,49.63,59.82728787878788,49.63,16.7,0,0,0,0,1,49.63,49.63,49.63,49.63,49.63,49.63,0.0,49.63,0.0,49.63,0.0,4,2023,0.49999999999999994,0.8660254037844387,0.4647231720437685,0.8854560256532099
Nairobi,2023-01-30,56.11125,3.661589964950822,49.63,0.0,20.728571428571428,30.2,12.9,0.0,49.63,58.14225,49.63,17.299999999999997,0,0,1,0,1,49.63,49.63,49.63,49.63,49.63,49.63,0.0,49.63,0.0,49.63,0.0,5,2023,0.49999999999999994,0.8660254037844387,0.5680647467311558,0.8229838658936564
Nairobi,2023-02-06,52.49875,1.390605597777971,49.63,0.0,21.271428571428572,29.9,13.1,0.0,49.63,55.796,49.63,16.799999999999997,0,0,0,0,2,49.63,49.63,49.63,49.63,49.63,49.63,0.0,49.63,0.0,49.63,0.0,6,2023,0.8660254037844386,0.5000000000000001,0.6631226582407952,0.7485107481711011
Nairobi,2023-02-13,53.89166666666667,2.6082976568380145,49.63,0.0,20.8,29.5,12.5,0.2,49.63,54.16722222222222,49.63,17.0,0,0,0,0,2,49.63,49.63,49.63,49.63,49.63,49.63,0.0,49.63,0.0,49.63,0.0,7,2023,0.8660254037844386,0.5000000000000001,0.7485107481711011,0.6631226582407953
Nairobi,2023-02-20,57.142857142857146,5.127597599544758,49.63,0.0,21.557142857142857,30.0,13.1,0.1,49.63,54.51109126984127,49.63,16.9,0,0,0,0,2,49.63,49.63,49.63,49.63,49.63,49.63,0.0,49.63,0.0,49.63,0.0,8,2023,0.8660254037844386,0.5000000000000001,0.8229838658936564,0.5680647467311559
Nairobi,2023-02-27,64.668,2.2801907814917652,49.63,0.0,21.47142857142857,29.4,14.4,3.5,49.63,58.567507936507944,49.63,14.999999999999998,0,0,0,0,2,49.63,49.63,49.63,49.63,49.63,49.63,0.0,49.63,0.0,49.63,0.0,9,2023,0.8660254037844386,0.5000000000000001,0.8854560256532099,0.4647231720437686
Nairobi,2023-03-06,64.92,3.5068932119470095,49.63,0.0,21.857142857142858,30.5,14.2,0.2,49.63,62.24361904761904,49.63,16.3,0,0,1,0,3,49.63,49.63,49.63,49.63,49.63,49.63,0.0,49.63,0.0,49.63,0.0,10,2023,1.0,6.123233995736766e-17,0.9350162426854148,0.35460488704253557
Nairobi,2023-03-13,69.26,1.344276757219286,49.63,0.0,20.485714285714288,29.1,13.8,7.800000000000001,49.63,66.28266666666667,49.63,15.3,0,0,0,0,3,49.63,49.63,49.63,49.63,49.63,49.63,0.0,49.63,0.0,49.63,0.0,11,2023,1.0,6.123233995736766e-17,0.970941817426052,0.23931566428755804
Nairobi,2023-03-20,68.6125,1.5414904661212996,49.63,0.0,19.014285714285712,27.1,14.2,46.099999999999994,49.63,67.59750000000001,49.63,12.900000000000002,0,1,0,0,3,49.63,49.63,49.63,49.63,49.63,49.63,0.0,49.63,0.0,49.63,0.0,12,2023,1.0,6.123233995736766e-17,0.992708874098054,0.120536680255323
Nairobi,2023-03-27,68.22200000000001,2.5591053124090104,49.63,0.0,19.585714285714285,26.1,13.4,17.6,49.63,68.69816666666667,49.63,12.700000000000001,0,0,0,0,3,49.63,49.63,49.63,49.63,49.63,49.63,0.0,49.63,0.0,49.63,0.0,13,2023,1.0,6.123233995736766e-17,1.0,-1.6081226496766364e-16
Nairobi,2023-04-03,67.59166666666667,2.761002837134847,49.63,0.0,18.585714285714285,25.9,13.7,30.4,49.63,68.14205555555556,49.63,12.2,0,1,0,0,4,49.63,49.63,49.63,49.63,49.63,49.63,0.0,49.63,0.0,49.63,0.0,14,2023,0.8660254037844387,-0.4999999999999998,0.992708874098054,-0.12053668025532288
Nairobi,2023-04-10,84.89,28.679471752457363,49.63,0.0,18.728571428571428,25.2,15.1,28.5,49.63,73.56788888888889,49.63,10.1,0,1,0,0,4,49.63,49.63,49.63,49.63,49.63,49.63,0.0,49.63,0.0,49.63,0.0,15,2023,0.8660254037844387,-0.4999999999999998,0.9709418174260521,-0.2393156642875575
Nairobi,2023-04-17,57.374,10.53884623666177,49.63,0.0,19.2,26.8,13.9,32.3,49.63,69.95188888888889,49.63,12.9,0,1,0,0,4,49.63,49.63,49.63,49.63,49.63,49.63,0.0,49.63,0.0,49.63,0.0,16,2023,0.8660254037844387,-0.4999999999999998,0.9350162426854148,-0.35460488704253545
Nairobi,2023-04-24,59.72714285714286,8.210376999638354,49.63,0.0,18.400000000000002,25.0,13.9,65.5,49.63,67.33038095238096,49.63,11.1,0,1,0,0,4,49.63,49.63,49.63,49.63,49.63,49.63,0.0,49.63,0.0,49.63,0.0,17,2023,0.8660254037844387,-0.4999999999999998,0.8854560256532099,-0.4647231720437685
Nairobi,2023-05-01,61.789,7.433721140855369,49.63,0.0,18.485714285714288,24.6,13.2,37.0,49.63,59.630047619047616,49.63,11.400000000000002,0,1,0,0,5,49.63,49.63,49.63,49.63,49.63,49.63,0.0,49.63,0.0,49.63,0.0,18,2023,0.49999999999999994,-0.8660254037844387,0.8229838658936565,-0.5680647467311557
Nairobi,2023-05-08,62.71333333333333,8.005802583126814,49.63,0.0,18.900000000000002,26.0,14.4,20.900000000000002,49.63,61.4098253968254,49.63,11.6,0,1,0,0,5,49.63,49.63,49.63,49.63,49.63,49.63,0.0,49.63,0.0,49.63,0.0,19,2023,0.49999999999999994,-0.8660254037844387,0.7485107481711013,-0.663122658240795
Nairobi,2023-05-15,62.736666666666665,6.976969256059538,49.63,0.0,19.2,26.5,13.1,6.700000000000001,49.63,62.413000000000004,49.63,13.4,0,0,0,0,5,49.63,49.63,49.63,49.63,49.63,49.63,0.0,49.63,0.0,49.63,0.0,20,2023,0.49999999999999994,-0.8660254037844387,0.6631226582407952,-0.7485107481711012
Nairobi,2023-05-22,76.58785714285715,3.4727758318126405,49.63,0.0,19.085714285714285,26.0,12.8,8.1,49.63,67.34595238095238,49.63,13.2,0,0,0,0,5,49.63,49.63,49.63,49.63,49.63,49.63,0.0,49.63,0.0,49.63,0.0,21,2023,0.49999999999999994,-0.8660254037844387,0.5680647467311558,-0.8229838658936564
Nairobi,2023-05-29,77.64,4.1312027744515705,49.63,0.0,18.400000000000002,24.1,13.9,28.3,49.63,72.32150793650793,49.63,10.200000000000001,0,1,0,0,5,49.63,49.63,49.63,49.63,49.63,49.63,0.0,49.63,0.0,49.63,0.0,22,2023,0.49999999999999994,-0.8660254037844387,0.46472317204376906,-0.8854560256532096
Nairobi,2023-06-05,77.31583333333333,4.455212388230491,49.63,0.0,18.928571428571427,26.9,11.4,2.7,49.63,77.18123015873016,49.63,15.499999999999998,0,0,0,0,6,49.63,49.63,49.63,49.63,49.63,49.63,0.0,49.63,0.0,49.63,0.0,23,2023,1.2246467991473532e-16,-1.0,0.35460488704253584,-0.9350162426854147
Nairobi,2023-06-12,77.188125,3.6712199947701305,49.63,0.0,18.8,26.9,12.2,3.1,49.63,77.38131944444444,49.63,14.7,0,0,0,0,6,49.63,49.63,49.63,49.63,49.63,49.63,0.0,49.63,0.0,49.63,0.0,24,2023,1.2246467991473532e-16,-1.0,0.23931566428755768,-0.970941817426052
Nairobi,2023-06-19,77.336,0.9360341874098385,49.63,0.0,18.5,26.3,12.3,4.0,49.63,77.27998611111111,49.63,14.0,0,0,0,0,6,49.63,49.63,49.63,49.63,49.63,49.63,0.0,49.63,0.0,49.63,0.0,25,2023,1.2246467991473532e-16,-1.0,0.12053668025532308,-0.992708874098054
Nairobi,2023-06-26,75.5575,6.286179284748408,49.63,0.0,17.857142857142858,25.0,12.1,2.8000000000000003,49.63,76.69387499999999,49.63,12.9,0,0,0,0,6,49.63,49.63,49.63,49.63,49.63,49.63,0.0,49.63,0.0,49.63,0.0,26,2023,1.2246467991473532e-16,-1.0,-3.216245299353273e-16,-1.0
Nairobi,2023-07-03,76.7690909090909,3.599015016766268,49.63,0.0,16.557142857142857,23.1,11.4,3.1,49.63,76.55419696969697,49.63,11.700000000000001,0,0,0,0,7,49.63,49.63,49.63,49.63,49.63,49.63,0.0,49.63,0.0,49.63,0.0,27,2023,-0.4999999999999997,-0.8660254037844388,-0.12053668025532283,-0.992708874098054
Nairobi,2023-07-10,78.19500000000001,8.64904986899507,49.63,0.0,17.442857142857143,26.1,10.4,0.8,49.63,76.84053030303029,49.63,15.700000000000001,0,0,0,0,7,49.63,49.63,49.63,49.63,49.63,49.63,0.0,49.63,0.0,49.63,0.0,28,2023,-0.4999999999999997,-0.8660254037844388,-0.23931566428755743,-0.9709418174260521
Nairobi,2023-07-17,76.39,4.5902287524697485,49.63,0.0,17.5,27.0,10.9,0.30000000000000004,49.63,77.1180303030303,49.63,16.1,0,0,0,0,7,49.63,49.63,49.63,49.63,49.63,49.63,0.0,49.63,0.0,49.63,0.0,29,2023,-0.4999999999999997,-0.8660254037844388,-0.3546048870425356,-0.9350162426854148
Nairobi,2023-07-24,73.50538461538461,6.331630405333493,49.63,0.0,17.67142857142857,26.6,11.2,1.9,49.63,76.03012820512821,49.63,15.400000000000002,0,0,0,0,7,49.63,49.63,49.63,49.63,49.63,49.63,0.0,49.63,0.0,49.63,0.0,30,2023,-0.4999999999999997,-0.8660254037844388,-0.46472317204376806,-0.8854560256532101
Nairobi,2023-07-31,74.584375,5.3656760602307445,49.63,0.0,17.7,27.7,12.1,6.8,49.63,74.82658653846154,49.63,15.6,0,0,0,0,7,49.63,49.63,49.63,49.63,49.63,49.63,0.0,49.63,0.0,49.63,0.0,31,2023,-0.4999999999999997,-0.8660254037844388,-0.5680647467311556,-0.8229838658936565
Nairobi,2023-08-07,72.68666666666667,3.3665583540932613,49.63,0.0,17.514285714285712,25.5,10.9,2.5999999999999996,49.63,73.59214209401709,49.63,14.6,0,0,0,0,8,49.63,49.63,49.63,49.63,49.63,49.63,0.0,49.63,0.0,49.63,0.0,32,2023,-0.8660254037844384,-0.5000000000000004,-0.663122658240795,-0.7485107481711013
Nairobi,2023-08-14,70.00083333333333,4.158099343632274,49.63,0.0,18.67142857142857,27.7,10.3,1.3,49.63,72.42395833333332,49.63,17.4,0,0,0,0,8,49.63,49.63,49.63,49.63,49.63,49.63,0.0,49.63,0.0,49.63,0.0,33,2023,-0.8660254037844384,-0.5000000000000004,-0.7485107481711011,-0.6631226582407952
Nairobi,2023-08-21,68.22266666666667,3.8210777587082974,49.63,0.0,19.62857142857143,28.5,11.9,1.8,49.63,70.30338888888889,49.63,16.6,0,0,0,0,8,49.63,49.63,49.63,49.63,49.63,49.63,0.0,49.63,0.0,49.63,0.0,34,2023,-0.8660254037844384,-0.5000000000000004,-0.8229838658936564,-0.5680647467311559
Nairobi,2023-08-28,69.91461538461539,0.30785860890500566,49.63,0.0,19.25714285714286,27.4,12.9,2.2,49.63,69.3793717948718,49.63,14.499999999999998,0,0,0,0,8,49.63,49.63,49.63,49.63,49.63,49.63,0.0,49.63,0.0,49.63,0.0,35,2023,-0.8660254037844384,-0.5000000000000004,-0.8854560256532096,-0.4647231720437691
Nairobi,2023-09-04,66.38833333333334,6.216221935509958,49.63,0.0,19.25714285714286,28.3,12.6,7.5,49.63,68.17520512820512,49.63,15.700000000000001,0,0,0,0,9,49.63,49.63,49.63,49.63,49.63,49.63,0.0,49.63,0.0,49.63,0.0,36,2023,-1.0,-1.8369701987210297e-16,-0.9350162426854147,-0.3546048870425359
Nairobi,2023-09-11,66.111,5.9998286086631945,49.63,0.0,19.17142857142857,26.6,12.8,8.5,49.63,67.47131623931624,49.63,13.8,0,0,0,0,9,49.63,49.63,49.63,49.63,49.63,49.63,0.0,49.63,0.0,49.63,0.0,37,2023,-1.0,-1.8369701987210297e-16,-0.970941817426052,-0.23931566428755774
Nairobi,2023-09-18,66.21384615384615,6.037885306492577,49.63,0.0,19.942857142857143,28.0,13.9,6.3,49.63,66.23772649572648,49.63,14.1,0,0,0,0,9,49.63,49.63,49.63,49.63,49.63,49.63,0.0,49.63,0.0,49.63,0.0,38,2023,-1.0,-1.8369701987210297e-16,-0.992708874098054,-0.12053668025532357
Nairobi,2023-09-25,67.22125,6.898930429525183,49.63,0.0,20.085714285714285,27.5,13.5,5.8,49.63,66.51536538461538,49.63,14.0,0,0,0,0,9,49.63,49.63,49.63,49.63,49.63,49.63,0.0,49.63,0.0,49.63,0.0,39,2023,-1.0,-1.8369701987210297e-16,-1.0,-1.8369701987210297e-16
Nairobi,2023-10-02,63.222,8.187779240361143,49.63,0.0,19.485714285714288,28.9,12.6,14.8,49.63,65.55236538461538,49.63,16.299999999999997,0,0,0,0,10,49.63,49.63,49.63,49.63,49.63,49.63,0.0,49.63,0.0,49.63,0.0,40,2023,-0.8660254037844386,0.5000000000000001,-0.992708874098054,0.1205366802553232
Nairobi,2023-10-09,61.336,5.05547030453152,45.0,0.0,21.557142857142857,30.2,13.0,4.5,45.0,63.92641666666666,48.086666666666666,17.2,0,0,1,0,10,49.63,49.63,49.63,49.63,49.63,48.472500000000004,2.315000000000002,49.05125,1.6369521984468587,49.24416666666667,1.336565873173985,41,2023,-0.8660254037844386,0.5000000000000001,-0.9709418174260521,0.23931566428755738
Nairobi,2023-10-16,64.63,6.606369653599471,45.555,0.0,19.957142857142856,27.8,14.8,18.7,45.555,63.062666666666665,46.72833333333333,13.0,0,0,0,0,10,45.0,49.63,49.63,49.63,49.63,47.45375,2.523111092150592,48.541875000000005,2.0202686127980978,48.904583333333335,1.698335359233933,42,2023,-0.8660254037844386,0.5000000000000001,-0.9350162426854148,0.35460488704253557
Nairobi,2023-10-23,60.14,6.071749571346209,42.22,0.0,20.314285714285713,28.5,14.6,9.4,42.22,62.035333333333334,44.25833333333333,13.9,0,0,0,0,10,45.555,45.0,49.63,49.63,49.63,45.60125,3.056540459953603,47.615625,2.9396057042448027,48.287083333333335,2.5461115257417877,43,2023,-0.8660254037844386,0.5000000000000001,-0.8854560256532101,0.464723172043768
Nairobi,2023-10-30,52.22,0.0,42.22,0.0,19.25714285714286,27.1,15.6,55.3,42.22,58.99666666666667,43.33166666666667,11.500000000000002,0,1,0,0,10,42.22,45.555,45.0,49.63,49.63,43.74875,1.7797301995902075,46.689375,3.352622041562609,47.66958333333334,3.0412306557568405,44,2023,-0.8660254037844386,0.5000000000000001,-0.822983865893657,0.5680647467311548
Nairobi,2023-11-06,60.55833333333334,6.805172787421836,42.22,0.0,18.914285714285715,25.8,13.2,42.0,42.22,57.63944444444445,42.22,12.600000000000001,0,1,0,0,11,42.22,42.22,45.555,45.0,49.63,43.05375,1.6675000000000213,45.763124999999995,3.446427692449926,47.052083333333336,3.3441804664856645,45,2023,-0.5000000000000004,0.8660254037844384,-0.7485107481711011,0.6631226582407952
Nairobi,2023-11-13,61.114,7.857724225244865,42.22,0.0,18.928571428571427,25.0,15.8,35.1,42.22,57.964111111111116,42.22,9.2,0,1,0,0,11,42.22,42.22,42.22,45.555,49.63,42.22,0.0,44.836875,3.248792014514232,46.43458333333333,3.5051478106126224,46,2023,-0.5000000000000004,0.8660254037844384,-0.6631226582407955,0.7485107481711007
Nairobi,2023-11-20,55.83625,4.8534345350189145,42.22,0.0,18.442857142857143,24.2,14.9,58.9,42.22,59.16952777777777,42.22,9.299999999999999,0,1,0,0,11,42.22,42.22,42.22,42.22,49.63,42.22,0.0,43.910624999999996,2.6963738050256665,45.817083333333336,3.5435347390663092,47,2023,-0.5000000000000004,0.8660254037844384,-0.5680647467311559,0.8229838658936564
Nairobi,2023-11-27,54.58625,3.0549862637053833,43.33,0.0,19.114285714285717,25.9,13.2,3.7,43.33,57.17883333333333,42.589999999999996,12.7,0,0,0,0,11,42.22,42.22,42.22,42.22,49.63,42.497499999999995,0.5550000000000631,43.123125,1.3916920264299104,45.29208333333333,3.3906659699382087,48,2023,-0.5000000000000004,0.8660254037844384,-0.4647231720437684,0.88545602565321
Nairobi,2023-12-04,56.48500000000001,2.2657780120744393,43.055,0.0,19.2,27.0,12.8,4.1,43.055,55.63583333333333,42.86833333333333,14.2,0,0,0,0,12,43.33,42.22,42.22,42.22,45.0,42.70625,0.5725873295839404,42.879999999999995,1.1690502860991874,44.744166666666665,3.1485529384243574,49,2023,-2.4492935982947064e-16,1.0,-0.35460488704253595,0.9350162426854147
Nairobi,2023-12-11,60.557500000000005,7.323611033597333,43.33,0.0,19.514285714285712,26.4,15.5,14.8,43.33,57.20958333333334,43.23833333333332,10.899999999999999,0,0,0,0,12,43.055,43.33,42.22,42.22,45.555,42.98375,0.5254105537577871,42.601875,0.5338267341964793,44.219166666666666,2.761229002828389,50,2023,-2.4492935982947064e-16,1.0,-0.2393156642875578,0.970941817426052
Nairobi,2023-12-18,55.74333333333334,10.836163220131622,43.33,0.0,19.599999999999998,26.9,14.4,5.8,43.33,57.59527777777779,43.23833333333334,12.499999999999998,0,0,0,0,12,43.33,43.055,43.33,42.22,42.22,43.26125,0.13750000000022702,42.740625,0.5638036480650418,43.69416666666666,2.175780772434812,51,2023,-2.4492935982947064e-16,1.0,-0.12053668025532363,0.992708874098054
Nairobi,2024-01-01,55.555,12.565287501684947,45.56,0.0,19.97142857142857,26.9,15.1,23.4,45.56,57.285277777777786,44.07333333333333,11.799999999999999,0,1,0,0,1,43.33,43.33,43.055,43.33,42.22,43.81875,1.1680494781187123,43.158125,1.102496963066768,43.355,1.312217069071919,1,2024,0.49999999999999994,0.8660254037844387,0.12053668025532305,0.992708874098054
Nairobi,2024-01-08,57.03666666666667,7.461947913692958,45.56,0.0,19.114285714285717,25.9,14.5,21.6,45.56,56.11166666666667,44.81666666666666,11.399999999999999,0,1,0,0,1,45.56,43.33,43.33,43.055,42.22,44.445,1.287491100292888,43.575625,1.3094694604522694,43.401666666666664,1.3840295801708646,2,2024,0.49999999999999994,0.8660254037844387,0.23931566428755774,0.970941817426052
Nairobi,2024-01-15,57.2225,7.859188889446544,46.01333333333333,0.0,19.542857142857144,27.1,14.8,33.6,46.01333333333333,56.60472222222222,45.71111111111111,12.3,0,1,0,0,1,45.56,45.56,43.33,43.33,42.22,45.11583333333333,1.2095832615685063,44.049791666666664,1.4297353616544184,43.43986111111111,1.4534400951774442,3,2024,0.49999999999999994,0.8660254037844387,0.3546048870425356,0.9350162426854148
Nairobi,2024-01-22,57.61857142857143,6.983612791317087,45.835,0.0,20.12857142857143,27.0,13.6,3.5,45.835,57.29257936507937,45.80277777777778,13.4,0,0,0,0,1,46.01333333333333,45.56,45.56,43.33,42.22,45.74208333333333,0.2225000000000496,44.501666666666665,1.3370706550171345,43.74111111111111,1.5491047159167364,4,2024,0.49999999999999994,0.8660254037844387,0.4647231720437685,0.8854560256532099
Nairobi,2024-01-29,57.29666666666666,8.12690798110409,45.52,0.0,20.67142857142857,28.6,14.5,1.7000000000000002,45.52,57.37924603174603,45.78944444444445,14.100000000000001,0,0,0,0,1,45.835,46.01333333333333,45.56,45.56,43.33,45.732083333333335,0.23401240470448806,44.775416666666665,1.286134466173494,44.01611111111111,1.5474361874432163,5,2024,0.49999999999999994,0.8660254037844387,0.5680647467311558,0.8229838658936564
Nairobi,2024-02-05,58.15599999999999,7.778703619498561,43.33,0.0,20.942857142857143,28.8,14.4,1.3,43.33,57.69041269841269,44.895,14.4,0,0,0,0,2,45.52,45.835,46.01333333333333,45.56,43.055,45.17458333333333,1.2465221061461933,44.80979166666666,1.2362926008195976,44.10861111111112,1.461076957391675,6,2024,0.8660254037844386,0.5000000000000001,0.6631226582407952,0.7485107481711011
Nairobi,2024-02-12,49.33,7.396904758072797,41.11,0.0,21.771428571428572,31.1,13.5,0.3,41.11,54.92755555555555,43.32,17.6,0,0,1,0,2,43.33,45.52,45.835,46.01333333333333,43.33,43.948750000000004,2.1960660850712244,44.532291666666666,1.7558701857275776,44.01611111111111,1.6182017599876037,7,2024,0.8660254037844386,0.5000000000000001,0.7485107481711011,0.6631226582407953
Nairobi,2024-02-19,49.99666666666667,9.624428987391061,39.99,0.0,21.142857142857142,30.0,14.2,19.2,39.99,52.49422222222222,41.47666666666667,15.8,0,0,0,0,2,41.11,43.33,45.52,45.835,43.33,42.4875,2.4522693571465735,44.11479166666667,2.37167870316191,43.83027777777778,1.9393882240288383,8,2024,0.8660254037844386,0.5000000000000001,0.8229838658936564,0.5680647467311559
Nairobi,2024-02-26,51.220000000000006,9.03118762954242,38.89,0.0,21.185714285714287,30.0,14.5,6.1,38.89,50.18222222222223,39.99666666666666,15.5,0,0,0,0,2,39.99,41.11,43.33,45.52,45.56,40.83,1.8971557658769302,43.28104166666667,2.903759322734083,43.460277777777776,2.4099558687997487,9,2024,0.8660254037844386,0.5000000000000001,0.8854560256532099,0.4647231720437686
Nairobi,2024-03-04,44.44,0.0,36.11,0.0,21.24285714285714,30.0,14.2,3.1,36.11,48.552222222222234,38.33,15.8,0,0,0,0,3,38.89,39.99,41.11,43.33,45.56,39.025000000000006,2.1442869832806393,42.09979166666667,3.6662573838132424,42.881527777777784,3.215441080566192,10,2024,1.0,6.123233995736766e-17,0.9350162426854148,0.35460488704253557
Nairobi,2024-03-11,52.775,9.624428987391065,36.11,0.0,21.357142857142858,30.6,13.8,0.1,36.11,49.47833333333333,37.03666666666667,16.8,0,0,1,0,3,36.11,38.89,39.99,41.11,46.01333333333333,37.775,1.9743268895162225,40.861875,3.824589555476144,42.27986111111111,3.7542473225340824,11,2024,1.0,6.123233995736766e-17,0.970941817426052,0.23931566428755804
Nairobi,2024-03-18,44.44,0.0,35.835,0.0,21.985714285714288,30.0,14.6,3.5999999999999996,35.835,47.218333333333334,36.01833333333334,15.4,0,0,0,0,3,36.11,36.11,38.89,39.99,45.835,36.73625,1.441673651235541,39.611875,3.594239376617624,41.655277777777776,4.164681517000703,12,2024,1.0,6.123233995736766e-17,0.992708874098054,0.120536680255323
Nairobi,2024-03-25,47.774,7.455050636984299,39.0,0.0,20.585714285714285,28.1,15.2,28.7,39.0,48.32966666666667,36.98166666666666,12.900000000000002,0,1,0,0,3,35.835,36.11,36.11,38.89,45.52,36.76375,1.4964590149193815,38.796875,2.6881896955545734,41.10861111111111,4.03403480209479,13,2024,1.0,6.123233995736766e-17,1.0,-1.6081226496766364e-16
Nairobi,2024-04-01,48.14666666666667,6.420134993388642,35.56,0.0,20.214285714285715,28.1,15.4,38.4,35.56,46.78688888888888,36.79833333333334,12.700000000000001,0,1,0,0,4,39.0,35.835,36.11,36.11,43.33,36.62625,1.5983500607397667,37.825625,2.1701241529658613,40.27527777777778,4.063660391126573,14,2024,0.8660254037844387,-0.4999999999999998,0.992708874098054,-0.12053668025532288
Nairobi,2024-04-08,48.14666666666667,5.742343307976865,35.56,0.0,20.24285714285714,27.5,14.2,27.799999999999997,35.56,48.02244444444444,36.70666666666667,13.3,0,1,0,0,4,35.56,39.0,35.835,36.11,41.11,36.48875,1.6791782464448137,37.131875,1.8307569423992203,39.40416666666667,3.8358268240683984,15,2024,0.8660254037844387,-0.4999999999999998,0.9709418174260521,-0.2393156642875575
Nairobi,2024-04-15,46.18,7.8207800122494175,35.56,0.0,19.771428571428572,26.4,14.6,11.6,35.56,47.49111111111111,35.56,11.799999999999999,0,0,0,0,4,35.56,35.56,39.0,35.835,39.99,36.42,1.7200000000000426,36.578125,1.4789232026328476,38.547916666666666,3.3908067277790654,16,2024,0.8660254037844387,-0.4999999999999998,0.9350162426854148,-0.35460488704253545
Nairobi,2024-04-22,53.74875,21.650371450129246,35.63,0.0,19.47142857142857,26.4,14.9,96.4,35.63,49.358472222222225,35.583333333333336,11.499999999999998,0,1,0,0,4,35.56,35.56,35.56,39.0,38.89,35.5775,0.03500000000214082,36.170625,1.1671835377156283,37.72375,2.6667405411169343,17,2024,0.8660254037844387,-0.4999999999999998,0.8854560256532099,-0.4647231720437685
Nairobi,2024-04-29,45.31583333333333,6.818452848148491,33.33,0.0,19.74285714285714,26.2,14.9,32.7,33.33,48.4148611111111,34.839999999999996,11.299999999999999,0,1,0,0,4,35.63,35.56,35.56,35.56,36.11,35.019999999999996,1.1271497977938967,35.823125,1.5415968935305189,36.89041666666667,2.2916493250033207,18,2024,0.8660254037844387,-0.4999999999999998,0.8229838658936565,-0.5680647467311557
Nairobi,2024-05-06,43.406470588235294,7.518087307600645,36.6,0.0,19.071428571428573,25.2,14.2,26.799999999999997,36.6,47.49035130718954,35.18666666666667,11.0,0,1,0,0,5,33.33,35.63,35.56,35.56,36.11,35.28,1.3839315975389903,35.884375,1.5641917983875715,36.514583333333334,1.867245733369923,19,2024,0.49999999999999994,-0.8660254037844387,0.7485107481711013,-0.663122658240795
Nairobi,2024-05-13,37.08375,5.504475938465245,36.3975,0.0,19.62857142857143,26.6,12.7,5.6,36.3975,41.93535130718954,35.4425,13.900000000000002,0,0,0,0,5,36.6,33.33,35.63,35.56,35.835,35.489374999999995,1.4989835097492417,35.9546875,1.5742653828169513,36.21520833333333,1.513945949832906,20,2024,0.49999999999999994,-0.8660254037844387,0.6631226582407952,-0.7485107481711012
Nairobi,2024-05-20,40.587857142857146,15.0296420851859,35.555,0.0,19.285714285714285,25.9,12.9,17.8,35.555,40.359359243697476,36.18416666666667,12.999999999999998,0,0,0,0,5,36.3975,36.6,33.33,35.63,39.0,35.470625,1.497106062542048,35.5240625,0.982016818211426,35.93729166666667,1.2637199139182886,21,2024,0.49999999999999994,-0.8660254037844387,0.5680647467311558,-0.8229838658936564
Nairobi,2024-05-27,38.370555555555555,8.30800427102203,38.33,0.0,19.357142857142858,27.1,12.1,0.7000000000000001,38.33,38.680720899470906,36.76083333333333,15.000000000000002,0,0,0,0,5,35.555,36.3975,36.6,33.33,35.56,36.720625,1.1644354408182065,35.8703125,1.3971082619238202,36.12229166666666,1.4413186269767024,22,2024,0.49999999999999994,-0.8660254037844387,0.46472317204376906,-0.8854560256532096
Nairobi,2024-06-03,36.59684210526316,3.92337447249966,38.33,0.0,19.0,26.8,13.1,9.1,38.33,38.51841826789195,37.405,13.700000000000001,0,0,0,0,6,38.33,35.555,36.3975,36.6,35.56,37.153125,1.4017895928063384,36.2165625,1.632615636628645,36.307291666666664,1.5757975824431385,23,2024,1.2246467991473532e-16,-1.0,0.35460488704253584,-0.9350162426854147
Nairobi,2024-06-10,37.69307692307692,10.661777825965821,38.33,0.0,18.214285714285715,26.4,11.4,3.3,38.33,37.55349152796521,38.33,14.999999999999998,0,0,0,0,6,38.33,38.33,35.555,36.3975,35.56,37.63625,1.3875000000000592,36.5628125,1.7620794521064507,36.515208333333334,1.6696231400901658,24,2024,1.2246467991473532e-16,-1.0,0.23931566428755768,-0.970941817426052
Nairobi,2024-06-17,35.31857142857143,4.18473206042901,32.22,0.0,17.77142857142857,26.2,9.9,12.4,32.22,36.53616348563717,36.29333333333333,16.299999999999997,0,0,0,0,6,38.33,38.33,38.33,35.555,35.63,36.802499999999995,3.055000000000026,36.1365625,2.3382177803602753,35.95020833333333,1.8855426209394204,25,2024,1.2246467991473532e-16,-1.0,0.12053668025532308,-0.992708874098054
Nairobi,2024-06-24,34.56888888888889,4.494906685473139,32.22,0.0,16.514285714285712,25.0,9.4,0.7,32.22,35.86017908017908,34.25666666666666,15.6,0,0,0,0,6,32.22,38.33,38.33,38.33,33.33,35.275,3.527610144748635,35.9978125,2.551735906866724,35.671875,2.17298577710493,26,2024,1.2246467991473532e-16,-1.0,-3.216245299353273e-16,-1.0
Nairobi,2024-07-01,34.605555555555554,4.3056593894289605,27.78,0.0,17.95714285714286,25.6,11.1,27.5,27.78,34.83100529100529,30.74,14.500000000000002,0,1,0,0,7,32.22,32.22,38.33,38.33,36.6,32.637499999999996,4.333915665999992,34.895312499999996,3.83639070460674,35.02354166666667,3.150262337260332,27,2024,-0.4999999999999997,-0.8660254037844388,-0.12053668025532283,-0.992708874098054
Nairobi,2024-07-08,36.63,4.207856288593345,27.78,0.0,17.185714285714287,25.9,10.4,17.900000000000002,27.78,35.26814814814815,29.26,15.499999999999998,0,0,0,0,7,27.78,32.22,32.22,38.33,36.3975,30.0,2.563435195201975,33.818125,4.505769267997283,34.37520833333333,3.7695280115585525,28,2024,-0.4999999999999997,-0.8660254037844388,-0.23931566428755743,-0.9709418174260521
Nairobi,2024-07-15,40.185,1.9418992577558511,32.22,0.0,17.614285714285714,24.9,11.1,3.5,32.22,37.14018518518518,29.26,13.799999999999999,0,0,0,0,7,27.78,27.78,32.22,32.22,35.555,30.0,2.563435195201975,33.40125,4.476297696917487,34.09104166666666,3.794783120275067,29,2024,-0.4999999999999997,-0.8660254037844388,-0.3546048870425356,-0.9350162426854148
Nairobi,2024-07-22,38.02666666666667,2.589999999999999,32.22,0.0,17.614285714285714,25.6,10.5,2.6,32.22,38.28055555555556,30.74,15.100000000000001,0,0,0,0,7,32.22,27.78,27.78,32.22,38.33,30.0,2.563435195201975,32.637499999999996,4.012426234301953,33.99854166666667,3.8283999236468387,30,2024,-0.4999999999999997,-0.8660254037844388,-0.46472317204376806,-0.8854560256532101
Nairobi,2024-07-29,41.11,3.329999999999997,34.44,0.0,17.428571428571427,25.5,10.4,0.8,34.44,39.77388888888889,32.96,15.1,0,0,0,0,7,32.22,32.22,27.78,27.78,38.33,31.665,2.793438741050208,32.15125,3.415299348938164,33.81854166666667,3.744834086981089,31,2024,-0.4999999999999997,-0.8660254037844388,-0.5680647467311556,-0.8229838658936565
Nairobi,2024-08-05,41.48,2.5634351952019365,34.44,0.0,17.514285714285712,26.8,10.3,4.300000000000001,34.44,40.205555555555556,33.699999999999996,16.5,0,0,0,0,8,34.44,32.22,32.22,27.78,38.33,33.33,1.281717597601034,31.665,2.58622173394765,33.65541666666667,3.664044870168267,32,2024,-0.8660254037844384,-0.5000000000000004,-0.663122658240795,-0.7485107481711013
Nairobi,2024-08-12,41.58571428571429,2.0120458671284234,34.44,0.0,17.757142857142856,25.8,10.9,2.2,34.44,41.39190476190476,34.44,14.9,0,0,0,0,8,34.44,34.44,32.22,32.22,32.22,33.885,1.1100000000000756,31.9425,2.7670600695633154,33.5625,3.6254281878772443,33,2024,-0.8660254037844384,-0.5000000000000004,-0.7485107481711011,-0.6631226582407952
Nairobi,2024-08-19,41.11,2.055320621495063,32.22,0.0,17.47142857142857,25.4,10.4,2.7,32.22,41.39190476190476,33.699999999999996,14.999999999999998,0,0,0,0,8,34.44,34.44,34.44,32.22,32.22,33.885,1.1100000000000756,31.9425,2.7670600695633154,33.053333333333335,3.310359314013983,34,2024,-0.8660254037844384,-0.5000000000000004,-0.8229838658936564,-0.5680647467311559
Nairobi,2024-08-26,44.20249999999999,10.33093863992126,32.22,0.0,18.400000000000002,25.6,11.1,6.4,32.22,42.29940476190476,32.96,14.500000000000002,0,0,0,0,8,32.22,34.44,34.44,34.44,27.78,33.33,1.281717597601034,32.497499999999995,2.200089283902618,32.54416666666666,2.8648892040558036,35,2024,-0.8660254037844384,-0.5000000000000004,-0.8854560256532096,-0.4647231720437691
Nairobi,2024-09-02,41.36615384615384,2.1329070086837594,32.22,0.0,18.0,26.9,11.8,8.7,32.22,42.22621794871795,32.22,15.099999999999998,0,0,0,0,9,32.22,32.22,34.44,34.44,27.78,32.775,1.1100000000000756,33.052499999999995,1.148959156305125,32.035,2.2115749221683596,36,2024,-1.0,-1.8369701987210297e-16,-0.9350162426854147,-0.3546048870425359
Nairobi,2024-09-09,41.775999999999996,2.29280614095479,31.945,0.0,19.042857142857144,27.5,10.9,0.30000000000000004,31.945,42.44821794871794,32.12833333333333,16.6,0,0,0,0,9,32.22,32.22,32.22,34.44,32.22,32.151250000000005,0.13750000000061396,33.018125,1.1810888967995175,32.01208333333333,2.210908347195179,37,2024,-1.0,-1.8369701987210297e-16,-0.970941817426052,-0.23931566428755774
Nairobi,2024-09-16,41.42714285714286,2.845462553409751,31.945,0.0,19.542857142857144,28.2,11.1,0.7,31.945,41.5230989010989,32.03666666666667,17.1,0,0,0,0,9,31.945,32.22,32.22,32.22,32.22,32.0825,0.1587713240276772,32.98375,1.2112530406862454,31.989166666666666,2.209982346014854,38,2024,-1.0,-1.8369701987210297e-16,-0.992708874098054,-0.12053668025532357
Nairobi,2024-09-23,39.556,0.5732015352386979,31.945,0.0,19.400000000000002,28.2,11.6,4.1,31.945,40.919714285714285,31.945,16.6,0,0,0,0,9,31.945,31.945,32.22,32.22,34.44,32.01375,0.1375000000006098,32.671875,1.0987100797234857,32.33625,1.772607382309611,39,2024,-1.0,-1.8369701987210297e-16,-1.0,-1.8369701987210297e-16
Nairobi,2024-09-30,40.45363636363636,2.0291243073171876,31.48,0.0,19.52857142857143,28.0,11.3,13.1,31.48,40.47892640692641,31.790000000000003,16.7,0,0,0,0,9,31.945,31.945,31.945,32.22,34.44,31.828750000000003,0.23250000000035562,32.301874999999995,0.8983514166836098,32.64458333333333,1.1035654166329372,40,2024,-1.0,-1.8369701987210297e-16,-0.992708874098054,0.1205366802553232
Nairobi,2024-10-07,39.3475,1.0729232431606117,31.48,0.0,19.885714285714283,28.2,12.3,11.3,31.48,39.78571212121212,31.635,15.899999999999999,0,0,0,0,10,31.48,31.945,31.945,31.945,34.44,31.7125,0.26846787517348214,31.931874999999998,0.30658181732553186,32.58291666666667,1.1491804556714835,41,2024,-0.8660254037844386,0.5000000000000001,-0.9709418174260521,0.23931566428755738
Nairobi,2024-10-21,39.3475,0.0,34.7975,0.0,20.37142857142857,28.9,13.2,2.0,34.7975,39.716212121212116,32.58583333333333,15.7,0,0,0,0,10,31.48,31.48,31.945,31.945,32.22,32.425625000000004,1.5963713736158538,32.254062499999996,1.066121087919873,32.79770833333333,1.3054368209763954,43,2024,-0.8660254037844386,0.5000000000000001,-0.8854560256532101,0.464723172043768
Nairobi,2024-11-04,37.225,0.7848885271170674,34.7975,0.0,19.514285714285712,28.5,13.4,18.9,34.7975,38.63999999999999,33.69166666666666,15.1,0,0,0,0,11,34.7975,31.48,31.48,31.945,32.22,33.13875,1.9153595180366298,32.57625,1.393545068213847,32.8275,1.3496535750805185,45,2024,-0.5000000000000004,0.8660254037844384,-0.7485107481711011,0.6631226582407952
Nairobi,2024-11-11,37.78,0.0,42.84,0.0,18.214285714285715,26.5,12.4,41.2,42.84,38.1175,37.47833333333333,14.1,0,1,0,0,11,34.7975,34.7975,31.48,31.48,32.22,35.97875,4.8341219902549915,33.90375,3.8676935725867327,33.527499999999996,3.18814868622135,46,2024,-0.5000000000000004,0.8660254037844384,-0.6631226582407955,0.7485107481711007
Nairobi,2024-11-18,37.78,0.0,41.39,0.0,19.24285714285714,25.5,14.9,35.2,41.39,37.595,39.67583333333334,10.6,0,1,0,0,11,42.84,34.7975,34.7975,31.48,31.945,38.456250000000004,4.266030795716345,35.084375,4.563357306930317,34.10666666666666,3.916959096110968,47,2024,-0.5000000000000004,0.8660254037844384,-0.5680647467311559,0.8229838658936564
Nairobi,2024-11-25,37.78,0.0,42.025,0.0,18.771428571428572,24.8,13.8,43.9,42.025,37.78,42.085,11.0,0,1,0,0,11,41.39,42.84,34.7975,34.7975,31.945,40.263125,3.691765259217724,36.344375,4.948093563253847,34.923750000000005,4.471091424107505,48,2024,-0.5000000000000004,0.8660254037844384,-0.4647231720437684,0.88545602565321
Nairobi,2024-12-02,37.78,0.0,42.415,0.0,20.2,28.2,14.7,7.1000000000000005,42.415,37.78,41.94333333333333,13.5,0,0,0,0,12,42.025,41.39,42.84,34.7975,31.945,42.167500000000004,0.6159883656912114,37.653125,5.002581967273041,35.77333333333333,4.8621385508723645,49,2024,-2.4492935982947064e-16,1.0,-0.35460488704253595,0.9350162426854147
Nairobi,2025-01-20,37.78,0.0,42.22,0.0,21.642857142857142,28.9,15.8,8.5,42.22,37.78,42.22,13.099999999999998,0,0,0,0,1,42.415,42.025,41.39,42.84,31.48,42.0125,0.4444940944492508,38.995625,4.527869403956482,36.60666666666667,5.05105123321933,4,2025,0.49999999999999994,0.8660254037844387,0.4647231720437685,0.8854560256532099
Nairobi,2025-05-19,53.94888888888889,1.0571476297618567,42.22,0.0,19.314285714285713,26.4,13.9,10.3,42.22,43.16962962962963,42.285,12.499999999999998,0,0,0,0,5,42.22,42.415,42.025,41.39,31.48,42.22,0.15921683328173145,40.338125,3.443518432712086,37.462916666666665,5.059866243441187,21,2025,0.49999999999999994,-0.8660254037844387,0.5680647467311558,-0.8229838658936564
Nairobi,2025-05-26,55.96133333333333,3.2971781585961994,42.22,0.0,18.8,26.3,13.3,16.5,42.22,49.230074074074075,42.22,13.0,0,0,0,0,5,42.22,42.22,42.415,42.025,34.7975,42.26875,0.09750000000135128,41.2659375,2.6446975041376763,38.31916666666667,4.908334092195289,22,2025,0.49999999999999994,-0.8660254037844387,0.46472317204376906,-0.8854560256532096
Nairobi,2025-06-02,55.28,0.30672463220289425,42.22,0.0,18.814285714285713,25.6,14.4,18.8,42.22,55.063407407407404,42.22,11.200000000000001,0,0,0,0,6,42.22,42.22,42.22,42.415,34.7975,42.22,0.0,42.19375,0.40423428496593033,39.17541666666666,4.5805687461143165,23,2025,1.2246467991473532e-16,-1.0,0.35460488704253584,-0.9350162426854147
Nairobi,2025-06-09,55.24888888888889,0.29514591494905007,42.22,0.0,18.32857142857143,25.4,11.8,12.700000000000001,42.22,55.49674074074074,42.22,13.599999999999998,0,0,0,0,6,42.22,42.22,42.22,42.22,42.84,42.22,0.0,42.116249999999994,0.31141095952672665,40.07041666666667,3.9454860331623642,24,2025,1.2246467991473532e-16,-1.0,0.23931566428755768,-0.970941817426052
Nairobi,2025-06-16,55.92777777777778,1.9634012438736106,42.22,0.0,18.814285714285713,25.3,12.7,5.1,42.22,55.48555555555556,42.22,12.600000000000001,0,0,0,0,6,42.22,42.22,42.22,42.22,41.39,42.22,0.0,42.22,0.10423188434131396,40.96541666666666,2.8990376211405704,25,2025,1.2246467991473532e-16,-1.0,0.12053668025532308,-0.992708874098054
Nairobi,2025-06-23,56.7375,2.711187141140521,42.22,0.0,18.657142857142855,25.6,12.1,6.799999999999999,42.22,55.971388888888896,42.22,13.500000000000002,0,0,0,0,6,42.22,42.22,42.22,42.22,42.025,42.22,0.0,42.244375,0.06894291115880882,41.583958333333335,2.161402495627909,26,2025,1.2246467991473532e-16,-1.0,-3.216245299353273e-16,-1.0
Nairobi,2025-06-30,54.25727272727273,2.192250400429164,42.22,0.0,18.228571428571428,24.0,13.4,3.5,42.22,55.64085016835017,42.22,10.6,0,0,0,0,6,42.22,42.22,42.22,42.22,42.415,42.22,0.0,42.22,0.0,42.20249999999999,0.3227263124193066,27,2025,1.2246467991473532e-16,-1.0,-0.12053668025532283,-0.992708874098054
Nairobi,2025-07-07,54.95692307692308,2.2751680693060345,47.22,0.0,18.057142857142857,23.2,14.2,6.199999999999999,47.22,55.31723193473194,43.88666666666666,9.0,0,0,0,0,7,42.22,42.22,42.22,42.22,42.22,43.47,2.5000000000000626,42.845,1.7677669529660736,42.5675,1.4867864980923047,28,2025,-0.4999999999999997,-0.8660254037844388,-0.23931566428755743,-0.9709418174260521
Nairobi,2025-07-14,54.120000000000005,1.8436919482386438,47.22,0.0,18.599999999999998,26.6,12.3,3.7,47.22,54.44473193473194,45.553333333333335,14.3,0,0,0,0,7,47.22,42.22,42.22,42.22,42.22,44.72,2.886751345948191,43.47,2.3145502494311314,43.053333333333335,1.9480226960286957,29,2025,-0.4999999999999997,-0.8660254037844388,-0.3546048870425356,-0.9350162426854148
Nairobi,2025-07-21,53.935833333333335,1.750602277312964,47.22,0.0,18.02857142857143,26.8,11.4,0.6,47.22,54.33758547008548,47.22,15.4,0,0,0,0,7,47.22,47.22,42.22,42.22,42.22,45.97,2.5000000000000813,44.095,2.5877458475335877,43.48624999999999,2.252218224732822,30,2025,-0.4999999999999997,-0.8660254037844388,-0.46472317204376806,-0.8854560256532101
Nairobi,2025-07-28,54.141818181818174,1.5412061392417182,47.22,0.0,18.285714285714285,27.5,11.9,2.7,47.22,54.06588383838383,47.22,15.6,0,0,0,0,7,47.22,47.22,47.22,42.22,42.22,47.22,0.0,44.72,2.6726124191239915,43.88666666666666,2.461829819586753,31,2025,-0.4999999999999997,-0.8660254037844388,-0.5680647467311556,-0.8229838658936565
Nairobi,2025-08-04,54.141818181818174,0.0,44.971,0.0,17.5,26.8,11.4,20.9,44.971,54.073156565656554,46.470333333333336,15.4,0,1,0,0,8,47.22,47.22,47.22,47.22,42.22,46.65775,1.1245000000001921,45.063875,2.4746428566271415,44.115916666666664,2.42025545076758,32,2025,-0.8660254037844384,-0.5000000000000004,-0.663122658240795,-0.7485107481711013
Nairobi,2025-08-11,54.141818181818174,0.0,43.889117647058825,0.0,17.642857142857142,24.6,11.4,13.0,43.889117647058825,54.141818181818174,45.36003921568628,13.200000000000001,0,0,0,0,8,44.971,47.22,47.22,47.22,42.22,45.8250294117647,1.6702301718595578,45.27251470588235,2.261831952918092,44.255009803921574,2.348283239363788,33,2025,-0.8660254037844384,-0.5000000000000004,-0.7485107481711011,-0.6631226582407952
Nairobi,2025-08-18,54.141818181818174,0.0,43.944,0.0,16.771428571428572,22.8,12.2,21.9,43.944,54.141818181818174,44.26803921568628,10.600000000000001,0,1,0,0,8,43.889117647058825,44.971,47.22,47.22,42.22,45.00602941176471,1.5575933558808233,45.48801470588236,1.9959519668141998,44.398676470588235,2.2636767508914426,34,2025,-0.8660254037844384,-0.5000000000000004,-0.8229838658936564,-0.5680647467311559
Nairobi,2025-08-25,54.141818181818174,0.0,45.074,0.0,18.47142857142857,26.6,11.6,2.0,45.074,54.141818181818174,44.302372549019616,15.000000000000002,0,0,0,0,8,43.944,43.889117647058825,44.971,47.22,42.22,44.46952941176471,0.640290668927348,45.844764705882355,1.5287760433772546,44.63650980392157,2.1615905576963006,35,2025,-0.8660254037844384,-0.5000000000000004,-0.8854560256532096,-0.4647231720437691
Nairobi,2025-09-01,54.141818181818174,0.0,42.59,0.0,19.157142857142855,27.6,11.8,0.0,42.59,54.141818181818174,43.86933333333334,15.8,0,0,0,0,9,45.074,43.944,43.889117647058825,44.971,47.22,43.874279411764704,1.0155104186187587,45.266014705882355,1.7881635436591123,44.6673431372549,2.1263388411690287,36,2025,-1.0,-1.8369701987210297e-16,-0.9350162426854147,-0.3546048870425359
Nairobi,2025-09-08,54.141818181818174,0.0,42.59,0.0,19.771428571428572,28.0,12.7,2.2,42.59,54.141818181818174,43.418000000000006,15.3,0,0,0,0,9,42.59,45.074,43.944,43.889117647058825,47.22,43.54950000000001,1.2001404084523923,44.687264705882356,1.8144690560905823,44.69817647058824,2.0899965917154146,37,2025,-1.0,-1.8369701987210297e-16,-0.970941817426052,-0.23931566428755774
Nairobi,2025-09-15,54.141818181818174,0.0,42.886,0.0,19.74285714285714,27.3,12.9,8.7,42.886,54.141818181818174,42.68866666666667,14.4,0,0,0,0,9,42.59,42.59,45.074,43.944,47.22,43.285000000000004,1.2008013990665813,44.145514705882356,1.5824008729576755,44.75367647058823,2.026071102323612,38,2025,-1.0,-1.8369701987210297e-16,-0.992708874098054,-0.12053668025532357
Nairobi,2025-09-22,54.141818181818174,0.0,42.775,0.0,20.2,28.5,12.1,4.3999999999999995,42.775,54.141818181818174,42.75033333333334,16.4,0,0,0,0,9,42.886,42.59,42.59,45.074,47.22,42.71025,0.1460602044828327,43.58988970588236,1.033996771855638,44.79992647058824,1.968492284050411,39,2025,-1.0,-1.8369701987210297e-16,-1.0,-1.8369701987210297e-16
Nairobi,2025-09-29,54.141818181818174,0.0,41.29666666666667,0.0,20.142857142857142,29.3,12.8,3.6,41.29666666666667,54.141818181818174,42.31922222222222,16.5,0,0,0,0,9,42.775,42.886,42.59,42.59,44.971,42.386916666666664,0.7370166777852127,43.130598039215684,1.1431698319005008,44.30631535947712,2.047544667375825,40,2025,-1.0,-1.8369701987210297e-16,-0.992708874098054,0.1205366802553232
Nairobi,2025-10-06,54.141818181818174,0.0,40.556666666666665,0.0,19.342857142857145,27.5,13.5,15.1,40.556666666666665,54.141818181818174,41.54277777777778,14.0,0,0,0,0,10,41.29666666666667,42.775,42.886,42.59,43.889117647058825,41.87858333333333,1.140839144535242,42.71404166666667,1.404557778651462,43.75103758169934,2.088651958104716,41,2025,-0.8660254037844386,0.5000000000000001,-0.9709418174260521,0.23931566428755738
Uasin-Gishu,2021-07-19,30.0675,7.225747366189882,46.67,0.0,16.24285714285714,22.1,9.6,5.5,46.67,34.155833333333334,46.67,12.500000000000002,0,0,0,0,7,46.67,46.67,46.67,46.67,46.67,46.67,0.0,46.67,0.0,46.67,0.0,29,2021,-0.4999999999999997,-0.8660254037844388,-0.3546048870425356,-0.9350162426854148
Uasin-Gishu,2021-07-26,34.82333333333333,5.942664946525816,46.67,0.0,16.228571428571428,21.3,10.7,18.1,46.67,34.096944444444446,46.67,10.600000000000001,0,0,0,0,7,46.67,46.67,46.67,46.67,46.67,46.67,0.0,46.67,0.0,46.67,0.0,30,2021,-0.4999999999999997,-0.8660254037844388,-0.46472317204376806,-0.8854560256532101
Uasin-Gishu,2021-08-02,35.916666666666664,3.878358759406699,46.67,0.0,16.114285714285714,22.3,10.1,22.1,46.67,33.6025,46.67,12.200000000000001,0,1,0,0,8,46.67,46.67,46.67,46.67,46.67,46.67,0.0,46.67,0.0,46.67,0.0,31,2021,-0.8660254037844384,-0.5000000000000004,-0.5680647467311556,-0.8229838658936565
Uasin-Gishu,2021-08-09,35.6,4.601630145937415,46.67,0.0,15.742857142857144,22.1,11.4,27.2,46.67,35.446666666666665,46.67,10.700000000000001,0,1,0,0,8,46.67,46.67,46.67,46.67,46.67,46.67,0.0,46.67,0.0,46.67,0.0,32,2021,-0.8660254037844384,-0.5000000000000004,-0.663122658240795,-0.7485107481711013
Uasin-Gishu,2021-08-16,33.3,5.310367218940702,46.67,0.0,16.014285714285712,22.4,10.6,15.3,46.67,34.93888888888889,46.67,11.799999999999999,0,0,0,0,8,46.67,46.67,46.67,46.67,46.67,46.67,0.0,46.67,0.0,46.67,0.0,33,2021,-0.8660254037844384,-0.5000000000000004,-0.7485107481711011,-0.6631226582407952
Uasin-Gishu,2021-08-23,35.0,0.0,46.67,0.0,17.04285714285714,23.9,8.2,9.4,46.67,34.63333333333333,46.67,15.7,0,0,0,0,8,46.67,46.67,46.67,46.67,46.67,46.67,0.0,46.67,0.0,46.67,0.0,34,2021,-0.8660254037844384,-0.5000000000000004,-0.8229838658936564,-0.5680647467311559
Uasin-Gishu,2021-08-30,34.875,2.25,46.67,0.0,16.371428571428574,23.2,11.4,69.3,46.67,34.391666666666666,46.67,11.799999999999999,0,1,0,0,8,46.67,46.67,46.67,46.67,46.67,46.67,0.0,46.67,0.0,46.67,0.0,35,2021,-0.8660254037844384,-0.5000000000000004,-0.8854560256532096,-0.4647231720437691
Uasin-Gishu,2021-09-06,33.375,3.5431019500674017,46.67,0.0,16.32857142857143,22.4,10.7,24.0,46.67,34.416666666666664,46.67,11.7,0,1,0,0,9,46.67,46.67,46.67,46.67,46.67,46.67,0.0,46.67,0.0,46.67,0.0,36,2021,-1.0,-1.8369701987210297e-16,-0.9350162426854147,-0.3546048870425359
Uasin-Gishu,2021-09-13,34.07,4.872582184310199,46.67,0.0,16.45714285714286,22.9,10.6,42.099999999999994,46.67,34.10666666666666,46.67,12.299999999999999,0,1,0,0,9,46.67,46.67,46.67,46.67,46.67,46.67,0.0,46.67,0.0,46.67,0.0,37,2021,-1.0,-1.8369701987210297e-16,-0.970941817426052,-0.23931566428755774
Uasin-Gishu,2021-09-20,32.333333333333336,2.5166114784235822,46.67,0.0,16.585714285714285,22.9,10.6,34.4,46.67,33.25944444444445,46.67,12.299999999999999,0,1,0,0,9,46.67,46.67,46.67,46.67,46.67,46.67,0.0,46.67,0.0,46.67,0.0,38,2021,-1.0,-1.8369701987210297e-16,-0.992708874098054,-0.12053668025532357
Uasin-Gishu,2021-09-27,32.88875,5.349236093659942,46.67,0.0,16.985714285714288,24.8,11.4,34.4,46.67,33.09736111111111,46.67,13.4,0,1,0,0,9,46.67,46.67,46.67,46.67,46.67,46.67,0.0,46.67,0.0,46.67,0.0,39,2021,-1.0,-1.8369701987210297e-16,-1.0,-1.8369701987210297e-16
Uasin-Gishu,2021-10-04,31.203333333333333,8.681478368726532,46.67,0.0,17.442857142857143,23.6,11.9,23.3,46.67,32.14180555555556,46.67,11.700000000000001,0,1,0,0,10,46.67,46.67,46.67,46.67,46.67,46.67,0.0,46.67,0.0,46.67,0.0,40,2021,-0.8660254037844386,0.5000000000000001,-0.992708874098054,0.1205366802553232
Uasin-Gishu,2021-10-11,37.333333333333336,4.618802153517006,46.67,0.0,17.599999999999998,24.1,11.9,48.3,46.67,33.80847222222223,46.67,12.200000000000001,0,1,0,0,10,46.67,46.67,46.67,46.67,46.67,46.67,0.0,46.67,0.0,46.67,0.0,41,2021,-0.8660254037844386,0.5000000000000001,-0.9709418174260521,0.23931566428755738
Uasin-Gishu,2021-10-18,30.813333333333333,8.152578324268546,46.67,0.0,18.242857142857144,24.8,11.9,5.3,46.67,33.11666666666667,46.67,12.9,0,0,0,0,10,46.67,46.67,46.67,46.67,46.67,46.67,0.0,46.67,0.0,46.67,0.0,42,2021,-0.8660254037844386,0.5000000000000001,-0.9350162426854148,0.35460488704253557
Uasin-Gishu,2021-10-25,30.2225,7.686223064678775,46.67,0.0,18.771428571428572,24.6,11.7,2.9,46.67,32.789722222222224,46.67,12.900000000000002,0,0,0,0,10,46.67,46.67,46.67,46.67,46.67,46.67,0.0,46.67,0.0,46.67,0.0,43,2021,-0.8660254037844386,0.5000000000000001,-0.8854560256532101,0.464723172043768
Uasin-Gishu,2021-11-01,29.63,9.30111283664487,46.67,0.0,18.400000000000002,24.5,11.3,4.4,46.67,30.221944444444443,46.67,13.2,0,0,0,0,11,46.67,46.67,46.67,46.67,46.67,46.67,0.0,46.67,0.0,46.67,0.0,44,2021,-0.5000000000000004,0.8660254037844384,-0.822983865893657,0.5680647467311548
Uasin-Gishu,2021-11-08,20.0,0.0,46.67,0.0,19.17142857142857,25.6,13.8,1.6,46.67,26.617499999999996,46.67,11.8,0,0,0,0,11,46.67,46.67,46.67,46.67,46.67,46.67,0.0,46.67,0.0,46.67,0.0,45,2021,-0.5000000000000004,0.8660254037844384,-0.7485107481711011,0.6631226582407952
Uasin-Gishu,2021-11-15,27.5,10.606601717798213,46.67,0.0,19.014285714285712,25.6,12.3,3.8,46.67,25.709999999999997,46.67,13.3,0,0,0,0,11,46.67,46.67,46.67,46.67,46.67,46.67,0.0,46.67,0.0,46.67,0.0,46,2021,-0.5000000000000004,0.8660254037844384,-0.6631226582407955,0.7485107481711007
Uasin-Gishu,2021-11-22,23.333333333333332,5.773502691896257,46.67,0.0,18.599999999999998,25.0,11.2,1.7999999999999998,46.67,23.61111111111111,46.67,13.8,0,0,0,0,11,46.67,46.67,46.67,46.67,46.67,46.67,0.0,46.67,0.0,46.67,0.0,47,2021,-0.5000000000000004,0.8660254037844384,-0.5680647467311559,0.8229838658936564
Uasin-Gishu,2021-11-29,28.333333333333332,7.216878364870322,46.67,0.0,18.37142857142857,24.1,12.0,4.0,46.67,26.388888888888886,46.67,12.100000000000001,0,0,0,0,11,46.67,46.67,46.67,46.67,46.67,46.67,0.0,46.67,0.0,46.67,0.0,48,2021,-0.5000000000000004,0.8660254037844384,-0.4647231720437684,0.88545602565321
Uasin-Gishu,2021-12-06,32.5,0.0,46.67,0.0,19.17142857142857,25.1,13.4,1.2999999999999998,46.67,28.055555555555554,46.67,11.700000000000001,0,0,0,0,12,46.67,46.67,46.67,46.67,46.67,46.67,0.0,46.67,0.0,46.67,0.0,49,2021,-2.4492935982947064e-16,1.0,-0.35460488704253595,0.9350162426854147
Uasin-Gishu,2021-12-13,26.25,8.838834764831844,46.67,0.0,19.185714285714287,25.5,11.9,0.9,46.67,29.027777777777782,46.67,13.6,0,0,0,0,12,46.67,46.67,46.67,46.67,46.67,46.67,0.0,46.67,0.0,46.67,0.0,50,2021,-2.4492935982947064e-16,1.0,-0.2393156642875578,0.970941817426052
Uasin-Gishu,2021-12-20,32.5,12.5,46.67,0.0,18.857142857142858,24.9,12.7,2.1,46.67,30.416666666666668,46.67,12.2,0,0,0,0,12,46.67,46.67,46.67,46.67,46.67,46.67,0.0,46.67,0.0,46.67,0.0,51,2021,-2.4492935982947064e-16,1.0,-0.12053668025532363,0.992708874098054
Uasin-Gishu,2022-01-03,24.0,0.0,46.67,0.0,19.5,26.1,11.7,0.1,46.67,27.583333333333332,46.67,14.400000000000002,0,0,0,0,1,46.67,46.67,46.67,46.67,46.67,46.67,0.0,46.67,0.0,46.67,0.0,1,2022,0.49999999999999994,0.8660254037844387,0.12053668025532305,0.992708874098054
Uasin-Gishu,2022-01-10,24.0,0.0,46.67,0.0,19.271428571428572,26.5,11.4,2.3,46.67,26.833333333333332,46.67,15.1,0,0,0,0,1,46.67,46.67,46.67,46.67,46.67,46.67,0.0,46.67,0.0,46.67,0.0,2,2022,0.49999999999999994,0.8660254037844387,0.23931566428755774,0.970941817426052
Uasin-Gishu,2022-01-17,24.0,0.0,46.67,0.0,16.45714285714286,24.4,9.9,15.1,46.67,24.0,46.67,14.499999999999998,0,0,0,0,1,46.67,46.67,46.67,46.67,46.67,46.67,0.0,46.67,0.0,46.67,0.0,3,2022,0.49999999999999994,0.8660254037844387,0.3546048870425356,0.9350162426854148
Uasin-Gishu,2022-01-24,33.74,10.582192589440053,46.67,0.0,19.52857142857143,26.1,12.8,0.4,46.67,27.24666666666667,46.67,13.3,0,0,0,0,1,46.67,46.67,46.67,46.67,46.67,46.67,0.0,46.67,0.0,46.67,0.0,4,2022,0.49999999999999994,0.8660254037844387,0.4647231720437685,0.8854560256532099
Uasin-Gishu,2022-01-31,24.0,0.0,46.67,0.0,18.557142857142857,26.4,11.4,3.2,46.67,27.24666666666667,46.67,14.999999999999998,0,0,0,0,1,46.67,46.67,46.67,46.67,46.67,46.67,0.0,46.67,0.0,46.67,0.0,5,2022,0.49999999999999994,0.8660254037844387,0.5680647467311558,0.8229838658936564
Uasin-Gishu,2022-02-07,34.5,14.849242404917497,46.67,0.0,19.24285714285714,26.5,10.6,0.5,46.67,30.74666666666667,46.67,15.9,0,0,0,0,2,46.67,46.67,46.67,46.67,46.67,46.67,0.0,46.67,0.0,46.67,0.0,6,2022,0.8660254037844386,0.5000000000000001,0.6631226582407952,0.7485107481711011
Uasin-Gishu,2022-02-14,38.055,9.821713190681146,46.67,0.0,19.514285714285712,28.5,11.2,0.7999999999999999,46.67,32.185,46.67,17.3,0,0,0,0,2,46.67,46.67,46.67,46.67,46.67,46.67,0.0,46.67,0.0,46.67,0.0,7,2022,0.8660254037844386,0.5000000000000001,0.7485107481711011,0.6631226582407953
Uasin-Gishu,2022-02-21,24.0,0.0,46.67,0.0,18.67142857142857,27.0,11.2,7.6,46.67,32.185,46.67,15.8,0,0,0,0,2,46.67,46.67,46.67,46.67,46.67,46.67,0.0,46.67,0.0,46.67,0.0,8,2022,0.8660254037844386,0.5000000000000001,0.8229838658936564,0.5680647467311559
Uasin-Gishu,2022-02-28,27.805,3.838059405480848,46.67,0.0,20.67142857142857,27.9,12.4,0.1,46.67,29.953333333333333,46.67,15.499999999999998,0,0,0,0,2,46.67,46.67,46.67,46.67,46.67,46.67,0.0,46.67,0.0,46.67,0.0,9,2022,0.8660254037844386,0.5000000000000001,0.8854560256532099,0.4647231720437686
Uasin-Gishu,2022-03-07,34.0,8.48528137423857,46.67,0.0,20.7,28.4,11.7,0.1,46.67,28.60166666666667,46.67,16.7,0,0,0,0,3,46.67,46.67,46.67,46.67,46.67,46.67,0.0,46.67,0.0,46.67,0.0,10,2022,1.0,6.123233995736766e-17,0.9350162426854148,0.35460488704253557
Uasin-Gishu,2022-03-14,45.0,0.0,46.67,0.0,20.37142857142857,29.0,12.1,3.6,46.67,35.60166666666667,46.67,16.9,0,0,0,0,3,46.67,46.67,46.67,46.67,46.67,46.67,0.0,46.67,0.0,46.67,0.0,11,2022,1.0,6.123233995736766e-17,0.970941817426052,0.23931566428755804
Uasin-Gishu,2022-03-21,31.78,5.345727265770301,46.67,0.0,20.642857142857142,29.0,13.1,1.7000000000000002,46.67,36.92666666666667,46.67,15.9,0,0,0,0,3,46.67,46.67,46.67,46.67,46.67,46.67,0.0,46.67,0.0,46.67,0.0,12,2022,1.0,6.123233995736766e-17,0.992708874098054,0.120536680255323
Uasin-Gishu,2022-03-28,36.18666666666667,8.517307868882828,46.67,0.0,19.685714285714287,25.9,12.7,3.7,46.67,37.65555555555556,46.67,13.2,0,0,0,0,3,46.67,46.67,46.67,46.67,46.67,46.67,0.0,46.67,0.0,46.67,0.0,13,2022,1.0,6.123233995736766e-17,1.0,-1.6081226496766364e-16
Uasin-Gishu,2022-04-04,38.055,9.821713190681146,46.67,0.0,20.885714285714283,27.4,12.9,0.0,46.67,35.340555555555554,46.67,14.499999999999998,0,0,0,0,4,46.67,46.67,46.67,46.67,46.67,46.67,0.0,46.67,0.0,46.67,0.0,14,2022,0.8660254037844387,-0.4999999999999998,0.992708874098054,-0.12053668025532288
Uasin-Gishu,2022-04-11,39.72,7.467047609329944,46.67,0.0,19.642857142857142,27.5,13.7,20.0,46.67,37.98722222222222,46.67,13.8,0,0,0,0,4,46.67,46.67,46.67,46.67,46.67,46.67,0.0,46.67,0.0,46.67,0.0,15,2022,0.8660254037844387,-0.4999999999999998,0.9709418174260521,-0.2393156642875575
Uasin-Gishu,2022-04-18,43.333333333333336,2.886751345948128,46.67,0.0,18.47142857142857,25.6,12.8,25.3,46.67,40.36944444444445,46.67,12.8,0,1,0,0,4,46.67,46.67,46.67,46.67,46.67,46.67,0.0,46.67,0.0,46.67,0.0,16,2022,0.8660254037844387,-0.4999999999999998,0.9350162426854148,-0.35460488704253545
Uasin-Gishu,2022-04-25,47.5,2.886751345948129,46.67,0.0,17.37142857142857,24.2,11.7,72.8,46.67,43.51777777777778,46.67,12.5,0,1,0,0,4,46.67,46.67,46.67,46.67,46.67,46.67,0.0,46.67,0.0,46.67,0.0,17,2022,0.8660254037844387,-0.4999999999999998,0.8854560256532099,-0.4647231720437685
Uasin-Gishu,2022-05-02,47.5,2.73861278752583,46.67,0.0,17.52857142857143,25.4,10.9,15.100000000000001,46.67,46.111111111111114,46.67,14.499999999999998,0,0,0,0,5,46.67,46.67,46.67,46.67,46.67,46.67,0.0,46.67,0.0,46.67,0.0,18,2022,0.49999999999999994,-0.8660254037844387,0.8229838658936565,-0.5680647467311557
Uasin-Gishu,2022-05-09,44.333333333333336,4.546060565661952,46.67,0.0,18.75714285714286,26.3,11.0,0.6,46.67,46.444444444444436,46.67,15.3,0,0,0,0,5,46.67,46.67,46.67,46.67,46.67,46.67,0.0,46.67,0.0,46.67,0.0,19,2022,0.49999999999999994,-0.8660254037844387,0.7485107481711013,-0.663122658240795
Uasin-Gishu,2022-05-16,46.25,2.5000000000000004,46.67,0.0,18.228571428571428,25.7,11.0,10.600000000000001,46.67,46.02777777777777,46.67,14.7,0,0,0,0,5,46.67,46.67,46.67,46.67,46.67,46.67,0.0,46.67,0.0,46.67,0.0,20,2022,0.49999999999999994,-0.8660254037844387,0.6631226582407952,-0.7485107481711012
Uasin-Gishu,2022-05-23,43.46,5.554685709680911,46.67,0.0,17.45714285714286,25.5,12.0,27.5,46.67,44.68111111111111,46.67,13.5,0,1,0,0,5,46.67,46.67,46.67,46.67,46.67,46.67,0.0,46.67,0.0,46.67,0.0,21,2022,0.49999999999999994,-0.8660254037844387,0.5680647467311558,-0.8229838658936564
Uasin-Gishu,2022-05-30,46.25,4.7871355387816905,46.67,0.0,17.52857142857143,25.9,9.1,0.6,46.67,45.32,46.67,16.799999999999997,0,0,0,0,5,46.67,46.67,46.67,46.67,46.67,46.67,0.0,46.67,0.0,46.67,0.0,22,2022,0.49999999999999994,-0.8660254037844387,0.46472317204376906,-0.8854560256532096
Uasin-Gishu,2022-06-06,40.75,8.5,46.67,0.0,16.32857142857143,24.3,10.1,17.8,46.67,43.48666666666667,46.67,14.200000000000001,0,0,0,0,6,46.67,46.67,46.67,46.67,46.67,46.67,0.0,46.67,0.0,46.67,0.0,23,2022,1.2246467991473532e-16,-1.0,0.35460488704253584,-0.9350162426854147
Uasin-Gishu,2022-06-13,46.5,26.16295090390226,46.67,0.0,17.242857142857144,25.6,10.1,5.2,46.67,44.5,46.67,15.500000000000002,0,0,0,0,6,46.67,46.67,46.67,46.67,46.67,46.67,0.0,46.67,0.0,46.67,0.0,24,2022,1.2246467991473532e-16,-1.0,0.23931566428755768,-0.970941817426052
Uasin-Gishu,2022-06-20,28.0,0.0,46.67,0.0,15.457142857142857,22.2,9.9,40.8,46.67,38.416666666666664,46.67,12.299999999999999,0,1,0,0,6,46.67,46.67,46.67,46.67,46.67,46.67,0.0,46.67,0.0,46.67,0.0,25,2022,1.2246467991473532e-16,-1.0,0.12053668025532308,-0.992708874098054
Uasin-Gishu,2022-06-27,77.16666666666667,18.382661033339726,46.67,0.0,16.04285714285714,22.5,10.5,8.2,46.67,50.55555555555555,46.67,12.0,0,0,0,0,6,46.67,46.67,46.67,46.67,46.67,46.67,0.0,46.67,0.0,46.67,0.0,26,2022,1.2246467991473532e-16,-1.0,-3.216245299353273e-16,-1.0
Uasin-Gishu,2022-07-04,84.52428571428571,10.078068361782522,46.67,0.0,16.685714285714287,22.6,9.8,4.2,46.67,63.23031746031745,46.67,12.8,0,0,0,0,7,46.67,46.67,46.67,46.67,46.67,46.67,0.0,46.67,0.0,46.67,0.0,27,2022,-0.4999999999999997,-0.8660254037844388,-0.12053668025532283,-0.992708874098054
Uasin-Gishu,2022-07-11,84.35166666666667,15.102384469568593,46.67,0.0,16.642857142857142,23.5,10.2,28.4,46.67,82.01420634920635,46.67,13.3,0,1,0,0,7,46.67,46.67,46.67,46.67,46.67,46.67,0.0,46.67,0.0,46.67,0.0,28,2022,-0.4999999999999997,-0.8660254037844388,-0.23931566428755743,-0.9709418174260521
Uasin-Gishu,2022-07-18,82.556,10.507886562006654,46.67,0.0,15.757142857142856,21.8,11.3,53.8,46.67,83.8106507936508,46.67,10.5,0,1,0,0,7,46.67,46.67,46.67,46.67,46.67,46.67,0.0,46.67,0.0,46.67,0.0,29,2022,-0.4999999999999997,-0.8660254037844388,-0.3546048870425356,-0.9350162426854148
Uasin-Gishu,2022-07-25,78.888,11.310816504567654,46.67,0.0,15.957142857142857,22.1,11.6,46.3,46.67,81.93188888888888,46.67,10.500000000000002,0,1,0,0,7,46.67,46.67,46.67,46.67,46.67,46.67,0.0,46.67,0.0,46.67,0.0,30,2022,-0.4999999999999997,-0.8660254037844388,-0.46472317204376806,-0.8854560256532101
Uasin-Gishu,2022-08-01,77.22285714285714,10.642101475250263,46.67,0.0,14.9,22.0,8.9,44.1,46.67,79.55561904761905,46.67,13.1,0,1,0,0,8,46.67,46.67,46.67,46.67,46.67,46.67,0.0,46.67,0.0,46.67,0.0,31,2022,-0.8660254037844384,-0.5000000000000004,-0.5680647467311556,-0.8229838658936565
Uasin-Gishu,2022-08-08,67.5,4.999999999999999,46.67,0.0,16.385714285714286,22.7,10.9,40.9,46.67,74.53695238095237,46.67,11.799999999999999,0,1,0,0,8,46.67,46.67,46.67,46.67,46.67,46.67,0.0,46.67,0.0,46.67,0.0,32,2022,-0.8660254037844384,-0.5000000000000004,-0.663122658240795,-0.7485107481711013
Uasin-Gishu,2022-08-15,66.945,9.345164525036465,46.67,0.0,15.442857142857141,22.2,10.4,45.5,46.67,70.55595238095238,46.67,11.799999999999999,0,1,0,0,8,46.67,46.67,46.67,46.67,46.67,46.67,0.0,46.67,0.0,46.67,0.0,33,2022,-0.8660254037844384,-0.5000000000000004,-0.7485107481711011,-0.6631226582407952
Uasin-Gishu,2022-08-22,59.815,11.410755890825113,46.67,0.0,15.657142857142857,22.9,10.1,66.6,46.67,64.75333333333333,46.67,12.799999999999999,0,1,0,0,8,46.67,46.67,46.67,46.67,46.67,46.67,0.0,46.67,0.0,46.67,0.0,34,2022,-0.8660254037844384,-0.5000000000000004,-0.8229838658936564,-0.5680647467311559
Uasin-Gishu,2022-08-29,59.629999999999995,0.9063112048297765,46.67,0.0,15.557142857142855,22.0,10.5,33.3,46.67,62.129999999999995,46.67,11.5,0,1,0,0,8,46.67,46.67,46.67,46.67,46.67,46.67,0.0,46.67,0.0,46.67,0.0,35,2022,-0.8660254037844384,-0.5000000000000004,-0.8854560256532096,-0.4647231720437691
Uasin-Gishu,2022-09-05,60.833333333333336,2.0412414523193148,46.67,0.0,15.785714285714286,22.1,9.9,53.2,46.67,60.092777777777776,46.67,12.200000000000001,0,1,0,0,9,46.67,46.67,46.67,46.67,46.67,46.67,0.0,46.67,0.0,46.67,0.0,36,2022,-1.0,-1.8369701987210297e-16,-0.9350162426854147,-0.3546048870425359
Uasin-Gishu,2022-09-12,60.46333333333333,8.107284790030919,46.67,0.0,16.114285714285714,23.4,10.1,33.2,46.67,60.308888888888895,46.67,13.299999999999999,0,1,0,0,9,46.67,46.67,46.67,46.67,46.67,46.67,0.0,46.67,0.0,46.67,0.0,37,2022,-1.0,-1.8369701987210297e-16,-0.970941817426052,-0.23931566428755774
Uasin-Gishu,2022-09-19,61.98428571428571,5.754279153067616,46.67,0.0,16.82857142857143,23.4,9.9,2.6,46.67,61.093650793650795,46.67,13.499999999999998,0,0,0,0,9,46.67,46.67,46.67,46.67,46.67,46.67,0.0,46.67,0.0,46.67,0.0,38,2022,-1.0,-1.8369701987210297e-16,-0.992708874098054,-0.12053668025532357
Uasin-Gishu,2022-09-26,59.26,1.2817175976009691,46.67,0.0,17.414285714285715,24.7,10.2,0.7000000000000001,46.67,60.56920634920635,46.67,14.5,0,0,0,0,9,46.67,46.67,46.67,46.67,46.67,46.67,0.0,46.67,0.0,46.67,0.0,39,2022,-1.0,-1.8369701987210297e-16,-1.0,-1.8369701987210297e-16
Uasin-Gishu,2022-10-03,59.0,10.246950765959598,46.67,0.0,17.071428571428573,24.3,11.2,23.4,46.67,60.08142857142857,46.67,13.100000000000001,0,1,0,0,10,46.67,46.67,46.67,46.67,46.67,46.67,0.0,46.67,0.0,46.67,0.0,40,2022,-0.8660254037844386,0.5000000000000001,-0.992708874098054,0.1205366802553232
Uasin-Gishu,2022-10-10,61.0,8.94427190999916,46.67,0.0,17.614285714285714,24.5,10.9,1.7999999999999998,46.67,59.75333333333333,46.67,13.6,0,0,0,0,10,46.67,46.67,46.67,46.67,46.67,46.67,0.0,46.67,0.0,46.67,0.0,41,2022,-0.8660254037844386,0.5000000000000001,-0.9709418174260521,0.23931566428755738
Uasin-Gishu,2022-10-17,63.055,9.542821036430125,46.67,0.0,18.414285714285715,25.5,10.8,1.3,46.67,61.01833333333334,46.67,14.7,0,0,0,0,10,46.67,46.67,46.67,46.67,46.67,46.67,0.0,46.67,0.0,46.67,0.0,42,2022,-0.8660254037844386,0.5000000000000001,-0.9350162426854148,0.35460488704253557
Uasin-Gishu,2022-10-24,60.714285714285715,7.319250547113999,46.67,0.0,19.428571428571427,26.0,13.0,3.9,46.67,61.58976190476191,46.67,13.0,0,0,0,0,10,46.67,46.67,46.67,46.67,46.67,46.67,0.0,46.67,0.0,46.67,0.0,43,2022,-0.8660254037844386,0.5000000000000001,-0.8854560256532101,0.464723172043768
Uasin-Gishu,2022-10-31,59.0,9.617692030835672,46.67,0.0,18.714285714285715,24.8,13.1,9.299999999999999,46.67,60.92309523809524,46.67,11.700000000000001,0,0,0,0,10,46.67,46.67,46.67,46.67,46.67,46.67,0.0,46.67,0.0,46.67,0.0,44,2022,-0.8660254037844386,0.5000000000000001,-0.822983865893657,0.5680647467311548
Uasin-Gishu,2022-11-07,59.35166666666667,4.5057759228202485,46.67,0.0,19.042857142857144,25.5,12.7,0.7,46.67,59.688650793650794,46.67,12.8,0,0,0,0,11,46.67,46.67,46.67,46.67,46.67,46.67,0.0,46.67,0.0,46.67,0.0,45,2022,-0.5000000000000004,0.8660254037844384,-0.7485107481711011,0.6631226582407952
Uasin-Gishu,2022-11-14,59.305,5.278771953147184,46.67,0.0,17.785714285714285,24.0,11.4,9.6,46.67,59.21888888888889,46.67,12.6,0,0,0,0,11,46.67,46.67,46.67,46.67,46.67,46.67,0.0,46.67,0.0,46.67,0.0,46,2022,-0.5000000000000004,0.8660254037844384,-0.6631226582407955,0.7485107481711007
Uasin-Gishu,2022-11-21,59.445,1.3594668072446623,46.67,0.0,18.75714285714286,25.6,11.9,1.8,46.67,59.36722222222222,46.67,13.700000000000001,0,0,0,0,11,46.67,46.67,46.67,46.67,46.67,46.67,0.0,46.67,0.0,46.67,0.0,47,2022,-0.5000000000000004,0.8660254037844384,-0.5680647467311559,0.8229838658936564
Uasin-Gishu,2022-11-28,55.14,7.07660935759492,46.67,0.0,19.057142857142857,25.2,12.8,1.6,46.67,57.96333333333334,46.67,12.399999999999999,0,0,0,0,11,46.67,46.67,46.67,46.67,46.67,46.67,0.0,46.67,0.0,46.67,0.0,48,2022,-0.5000000000000004,0.8660254037844384,-0.4647231720437684,0.88545602565321
Uasin-Gishu,2022-12-05,62.2225,12.623177944898481,46.67,0.0,18.414285714285715,25.5,11.9,1.9,46.67,58.935833333333335,46.67,13.6,0,0,0,0,12,46.67,46.67,46.67,46.67,46.67,46.67,0.0,46.67,0.0,46.67,0.0,49,2022,-2.4492935982947064e-16,1.0,-0.35460488704253595,0.9350162426854147
Uasin-Gishu,2022-12-12,60.0,0.0,46.67,0.0,18.32857142857143,25.1,10.9,1.9,46.67,59.12083333333334,46.67,14.200000000000001,0,0,0,0,12,46.67,46.67,46.67,46.67,46.67,46.67,0.0,46.67,0.0,46.67,0.0,50,2022,-2.4492935982947064e-16,1.0,-0.2393156642875578,0.970941817426052
Uasin-Gishu,2022-12-19,64.666,7.675140389595493,46.67,0.0,18.242857142857144,25.0,11.2,1.3,46.67,62.296166666666664,46.67,13.8,0,0,0,0,12,46.67,46.67,46.67,46.67,46.67,46.67,0.0,46.67,0.0,46.67,0.0,51,2022,-2.4492935982947064e-16,1.0,-0.12053668025532363,0.992708874098054
Uasin-Gishu,2022-12-26,61.666666666666664,2.88675134594813,46.67,0.0,17.84285714285714,24.1,10.3,7.5,46.67,62.11088888888889,46.67,13.8,0,0,0,0,12,46.67,46.67,46.67,46.67,46.67,46.67,0.0,46.67,0.0,46.67,0.0,52,2022,-2.4492935982947064e-16,1.0,6.432490598706546e-16,1.0
Uasin-Gishu,2023-01-02,61.39,4.545517938951877,46.67,0.0,17.857142857142858,25.3,10.7,1.4000000000000001,46.67,62.574222222222225,46.67,14.600000000000001,0,0,0,0,1,46.67,46.67,46.67,46.67,46.67,46.67,0.0,46.67,0.0,46.67,0.0,1,2023,0.49999999999999994,0.8660254037844387,0.12053668025532305,0.992708874098054
Uasin-Gishu,2023-01-09,61.945,3.5606389875975926,46.67,0.0,18.685714285714287,25.0,9.3,0.2,46.67,61.66722222222222,46.67,15.7,0,0,0,0,1,46.67,46.67,46.67,46.67,46.67,46.67,0.0,46.67,0.0,46.67,0.0,2,2023,0.49999999999999994,0.8660254037844387,0.23931566428755774,0.970941817426052
Uasin-Gishu,2023-01-16,64.444,8.089850431250257,46.67,0.0,19.614285714285717,26.9,11.1,0.0,46.67,62.592999999999996,46.67,15.799999999999999,0,0,0,0,1,46.67,46.67,46.67,46.67,46.67,46.67,0.0,46.67,0.0,46.67,0.0,3,2023,0.49999999999999994,0.8660254037844387,0.3546048870425356,0.9350162426854148
Uasin-Gishu,2023-01-23,62.857142857142854,7.559289460184544,46.67,0.0,19.714285714285715,27.6,11.1,0.0,46.67,63.082047619047614,46.67,16.5,0,0,0,0,1,46.67,46.67,46.67,46.67,46.67,46.67,0.0,46.67,0.0,46.67,0.0,4,2023,0.49999999999999994,0.8660254037844387,0.4647231720437685,0.8854560256532099
Uasin-Gishu,2023-01-30,63.0,7.582875444051551,46.67,0.0,20.02857142857143,28.1,11.0,0.0,46.67,63.43371428571428,46.67,17.1,0,0,0,0,1,46.67,46.67,46.67,46.67,46.67,46.67,0.0,46.67,0.0,46.67,0.0,5,2023,0.49999999999999994,0.8660254037844387,0.5680647467311558,0.8229838658936564
Uasin-Gishu,2023-02-06,64.815,8.767288634463908,46.67,0.0,20.357142857142858,28.0,10.6,0.0,46.67,63.557380952380946,46.67,17.4,0,0,0,0,2,46.67,46.67,46.67,46.67,46.67,46.67,0.0,46.67,0.0,46.67,0.0,6,2023,0.8660254037844386,0.5000000000000001,0.6631226582407952,0.7485107481711011
Uasin-Gishu,2023-02-13,64.666,6.812325594097805,46.67,0.0,21.114285714285717,28.1,12.8,0.0,46.67,64.16033333333333,46.67,15.3,0,0,0,0,2,46.67,46.67,46.67,46.67,46.67,46.67,0.0,46.67,0.0,46.67,0.0,7,2023,0.8660254037844386,0.5000000000000001,0.7485107481711011,0.6631226582407953
Uasin-Gishu,2023-02-20,64.63,5.938131019100202,46.67,0.0,21.957142857142856,29.6,12.8,0.0,46.67,64.70366666666666,46.67,16.8,0,0,0,0,2,46.67,46.67,46.67,46.67,46.67,46.67,0.0,46.67,0.0,46.67,0.0,8,2023,0.8660254037844386,0.5000000000000001,0.8229838658936564,0.5680647467311559
Uasin-Gishu,2023-02-27,65.0,0.0,46.67,0.0,20.900000000000002,28.4,13.8,1.2,46.67,64.76533333333333,46.67,14.599999999999998,0,0,0,0,2,46.67,46.67,46.67,46.67,46.67,46.67,0.0,46.67,0.0,46.67,0.0,9,2023,0.8660254037844386,0.5000000000000001,0.8854560256532099,0.4647231720437686
Uasin-Gishu,2023-03-06,69.86,5.939562273433964,46.67,0.0,21.400000000000002,29.4,13.7,1.4000000000000001,46.67,66.49666666666666,46.67,15.7,0,0,0,0,3,46.67,46.67,46.67,46.67,46.67,46.67,0.0,46.67,0.0,46.67,0.0,10,2023,1.0,6.123233995736766e-17,0.9350162426854148,0.35460488704253557
Uasin-Gishu,2023-03-13,71.6675,7.070282290451113,46.67,0.0,18.314285714285713,27.5,12.7,36.699999999999996,46.67,68.84249999999999,46.67,14.8,0,1,0,0,3,46.67,46.67,46.67,46.67,46.67,46.67,0.0,46.67,0.0,46.67,0.0,11,2023,1.0,6.123233995736766e-17,0.970941817426052,0.23931566428755804
Uasin-Gishu,2023-03-20,69.888,7.173752156298684,46.67,0.0,16.928571428571427,23.7,11.7,48.4,46.67,70.47183333333334,46.67,12.0,0,1,0,0,3,46.67,46.67,46.67,46.67,46.67,46.67,0.0,46.67,0.0,46.67,0.0,12,2023,1.0,6.123233995736766e-17,0.992708874098054,0.120536680255323
Uasin-Gishu,2023-03-27,64.81333333333333,0.32331615074619174,46.67,0.0,17.8,24.5,12.0,7.9,46.67,68.78961111111111,46.67,12.5,0,0,0,0,3,46.67,46.67,46.67,46.67,46.67,46.67,0.0,46.67,0.0,46.67,0.0,13,2023,1.0,6.123233995736766e-17,1.0,-1.6081226496766364e-16
Uasin-Gishu,2023-04-03,64.16499999999999,1.1808683245815406,46.67,0.0,18.485714285714288,25.0,11.8,6.7,46.67,66.28877777777778,46.67,13.2,0,0,0,0,4,46.67,46.67,46.67,46.67,46.67,46.67,0.0,46.67,0.0,46.67,0.0,14,2023,0.8660254037844387,-0.4999999999999998,0.992708874098054,-0.12053668025532288
Uasin-Gishu,2023-04-10,75.0,4.08248290463863,46.67,0.0,19.400000000000002,26.2,12.6,6.0,46.67,67.99277777777776,46.67,13.6,0,0,0,0,4,46.67,46.67,46.67,46.67,46.67,46.67,0.0,46.67,0.0,46.67,0.0,15,2023,0.8660254037844387,-0.4999999999999998,0.9709418174260521,-0.2393156642875575
Uasin-Gishu,2023-04-17,72.36,6.674209066748411,46.67,0.0,19.0,27.5,12.8,32.7,46.67,70.50833333333333,46.67,14.7,0,1,0,0,4,46.67,46.67,46.67,46.67,46.67,46.67,0.0,46.67,0.0,46.67,0.0,16,2023,0.8660254037844387,-0.4999999999999998,0.9350162426854148,-0.35460488704253545
Uasin-Gishu,2023-04-24,77.22166666666666,9.81401124243633,46.67,0.0,17.085714285714285,24.7,11.9,68.3,46.67,74.86055555555555,46.67,12.799999999999999,0,1,0,0,4,46.67,46.67,46.67,46.67,46.67,46.67,0.0,46.67,0.0,46.67,0.0,17,2023,0.8660254037844387,-0.4999999999999998,0.8854560256532099,-0.4647231720437685
Uasin-Gishu,2023-05-01,72.5,4.999999999999999,46.67,0.0,17.0,24.4,9.9,33.3,46.67,74.02722222222222,46.67,14.499999999999998,0,1,0,0,5,46.67,46.67,46.67,46.67,46.67,46.67,0.0,46.67,0.0,46.67,0.0,18,2023,0.49999999999999994,-0.8660254037844387,0.8229838658936565,-0.5680647467311557
Uasin-Gishu,2023-05-08,75.14,10.630697687985174,46.67,0.0,18.242857142857144,25.9,11.1,2.7,46.67,74.95388888888887,46.67,14.799999999999999,0,0,0,0,5,46.67,46.67,46.67,46.67,46.67,46.67,0.0,46.67,0.0,46.67,0.0,19,2023,0.49999999999999994,-0.8660254037844387,0.7485107481711013,-0.663122658240795
Uasin-Gishu,2023-05-15,79.305,6.673237595050845,46.67,0.0,17.9,25.3,11.6,12.8,46.67,75.64833333333333,46.67,13.700000000000001,0,0,0,0,5,46.67,46.67,46.67,46.67,46.67,46.67,0.0,46.67,0.0,46.67,0.0,20,2023,0.49999999999999994,-0.8660254037844387,0.6631226582407952,-0.7485107481711012
Uasin-Gishu,2023-05-22,85.37,7.582967756755932,46.67,0.0,18.37142857142857,25.4,11.5,3.9000000000000004,46.67,79.93833333333333,46.67,13.899999999999999,0,0,0,0,5,46.67,46.67,46.67,46.67,46.67,46.67,0.0,46.67,0.0,46.67,0.0,21,2023,0.49999999999999994,-0.8660254037844387,0.5680647467311558,-0.8229838658936564
Uasin-Gishu,2023-05-29,81.85333333333334,7.39625130274339,46.67,0.0,18.37142857142857,25.6,10.9,4.3,46.67,82.17611111111111,46.67,14.700000000000001,0,0,0,0,5,46.67,46.67,46.67,46.67,46.67,46.67,0.0,46.67,0.0,46.67,0.0,22,2023,0.49999999999999994,-0.8660254037844387,0.46472317204376906,-0.8854560256532096
Uasin-Gishu,2023-06-05,86.38833333333334,6.702597755099639,46.67,0.0,18.02857142857143,26.0,11.6,1.5999999999999999,46.67,84.53722222222223,46.67,14.4,0,0,0,0,6,46.67,46.67,46.67,46.67,46.67,46.67,0.0,46.67,0.0,46.67,0.0,23,2023,1.2246467991473532e-16,-1.0,0.35460488704253584,-0.9350162426854147
Uasin-Gishu,2023-06-12,90.0,0.0,46.67,0.0,17.12857142857143,23.4,11.4,23.5,46.67,86.08055555555556,46.67,11.999999999999998,0,1,0,0,6,46.67,46.67,46.67,46.67,46.67,46.67,0.0,46.67,0.0,46.67,0.0,24,2023,1.2246467991473532e-16,-1.0,0.23931566428755768,-0.970941817426052
Uasin-Gishu,2023-06-19,84.305,8.394369144452327,46.67,0.0,17.12857142857143,24.2,12.2,31.8,46.67,86.89777777777778,46.67,12.0,0,1,0,0,6,46.67,46.67,46.67,46.67,46.67,46.67,0.0,46.67,0.0,46.67,0.0,25,2023,1.2246467991473532e-16,-1.0,0.12053668025532308,-0.992708874098054
Uasin-Gishu,2023-06-26,85.0,13.540064007726599,46.67,0.0,16.414285714285715,23.9,10.8,12.799999999999999,46.67,86.435,46.67,13.099999999999998,0,0,0,0,6,46.67,46.67,46.67,46.67,46.67,46.67,0.0,46.67,0.0,46.67,0.0,26,2023,1.2246467991473532e-16,-1.0,-3.216245299353273e-16,-1.0
Uasin-Gishu,2023-07-03,81.11,19.03667688087043,46.67,0.0,16.585714285714285,23.0,10.3,12.700000000000001,46.67,83.47166666666666,46.67,12.7,0,0,0,0,7,46.67,46.67,46.67,46.67,46.67,46.67,0.0,46.67,0.0,46.67,0.0,27,2023,-0.4999999999999997,-0.8660254037844388,-0.12053668025532283,-0.992708874098054
Uasin-Gishu,2023-07-10,86.805,10.004937114578317,46.67,0.0,16.914285714285715,23.6,9.5,1.5999999999999999,46.67,84.30499999999999,46.67,14.100000000000001,0,0,0,0,7,46.67,46.67,46.67,46.67,46.67,46.67,0.0,46.67,0.0,46.67,0.0,28,2023,-0.4999999999999997,-0.8660254037844388,-0.23931566428755743,-0.9709418174260521
Uasin-Gishu,2023-07-17,83.4725,10.003317366420667,46.67,0.0,17.414285714285715,24.6,10.6,4.2,46.67,83.79583333333333,46.67,14.000000000000002,0,0,0,0,7,46.67,46.67,46.67,46.67,46.67,46.67,0.0,46.67,0.0,46.67,0.0,29,2023,-0.4999999999999997,-0.8660254037844388,-0.3546048870425356,-0.9350162426854148
Uasin-Gishu,2023-07-24,81.6675,10.272401131186417,46.67,0.0,16.857142857142858,23.8,11.8,28.099999999999998,46.67,83.98166666666667,46.67,12.0,0,1,0,0,7,46.67,46.67,46.67,46.67,46.67,46.67,0.0,46.67,0.0,46.67,0.0,30,2023,-0.4999999999999997,-0.8660254037844388,-0.46472317204376806,-0.8854560256532101
Uasin-Gishu,2023-07-31,68.89,10.856414386588847,46.67,0.0,16.6,22.8,11.1,39.9,46.67,78.00999999999999,46.67,11.700000000000001,0,1,0,0,7,46.67,46.67,46.67,46.67,46.67,46.67,0.0,46.67,0.0,46.67,0.0,31,2023,-0.4999999999999997,-0.8660254037844388,-0.5680647467311556,-0.8229838658936565
Uasin-Gishu,2023-08-14,55.56,0.0,46.67,0.0,17.414285714285715,25.8,9.6,1.2,46.67,68.70583333333333,46.67,16.200000000000003,0,0,0,0,8,46.67,46.67,46.67,46.67,46.67,46.67,0.0,46.67,0.0,46.67,0.0,33,2023,-0.8660254037844384,-0.5000000000000004,-0.7485107481711011,-0.6631226582407952
Uasin-Gishu,2023-08-21,61.11,12.572358569496815,46.67,0.0,18.485714285714288,25.8,10.7,0.0,46.67,61.85333333333333,46.67,15.100000000000001,0,0,0,0,8,46.67,46.67,46.67,46.67,46.67,46.67,0.0,46.67,0.0,46.67,0.0,34,2023,-0.8660254037844384,-0.5000000000000004,-0.8229838658936564,-0.5680647467311559
Uasin-Gishu,2023-08-28,75.0,0.0,46.67,0.0,17.571428571428573,25.5,10.8,6.3,46.67,63.88999999999999,46.67,14.7,0,0,0,0,8,46.67,46.67,46.67,46.67,46.67,46.67,0.0,46.67,0.0,46.67,0.0,35,2023,-0.8660254037844384,-0.5000000000000004,-0.8854560256532096,-0.4647231720437691
Uasin-Gishu,2023-09-04,60.0,0.0,46.67,0.0,16.957142857142856,24.1,10.8,28.099999999999998,46.67,65.36999999999999,46.67,13.3,0,1,0,0,9,46.67,46.67,46.67,46.67,46.67,46.67,0.0,46.67,0.0,46.67,0.0,36,2023,-1.0,-1.8369701987210297e-16,-0.9350162426854147,-0.3546048870425359
Uasin-Gishu,2023-09-11,58.333333333333336,7.637626158259733,46.67,0.0,17.114285714285714,24.1,11.7,53.5,46.67,64.44444444444444,46.67,12.400000000000002,0,1,0,0,9,46.67,46.67,46.67,46.67,46.67,46.67,0.0,46.67,0.0,46.67,0.0,37,2023,-1.0,-1.8369701987210297e-16,-0.970941817426052,-0.23931566428755774
Uasin-Gishu,2023-09-18,55.0,7.0710678118654755,46.67,0.0,17.714285714285715,25.8,11.5,8.7,46.67,57.77777777777777,46.67,14.3,0,0,0,0,9,46.67,46.67,46.67,46.67,46.67,46.67,0.0,46.67,0.0,46.67,0.0,38,2023,-1.0,-1.8369701987210297e-16,-0.992708874098054,-0.12053668025532357
Uasin-Gishu,2023-09-25,52.5,9.57427107756338,46.67,0.0,17.771428571428572,24.9,11.6,8.299999999999999,46.67,55.27777777777777,46.67,13.299999999999999,0,0,0,0,9,46.67,46.67,46.67,46.67,46.67,46.67,0.0,46.67,0.0,46.67,0.0,39,2023,-1.0,-1.8369701987210297e-16,-1.0,-1.8369701987210297e-16
Uasin-Gishu,2023-10-02,50.0,0.0,46.67,0.0,19.17142857142857,26.9,12.3,2.2,46.67,52.49999999999999,46.67,14.599999999999998,0,0,0,0,10,46.67,46.67,46.67,46.67,46.67,46.67,0.0,46.67,0.0,46.67,0.0,40,2023,-0.8660254037844386,0.5000000000000001,-0.992708874098054,0.1205366802553232
Uasin-Gishu,2023-10-09,45.0,10.0,45.555,0.0,19.957142857142856,26.2,13.9,4.1,45.555,49.16666666666666,46.29833333333334,12.299999999999999,0,0,0,0,10,46.67,46.67,46.67,46.67,46.67,46.39125,0.5575000000000004,46.530625,0.3942120305115007,46.57708333333333,0.3218727750732168,41,2023,-0.8660254037844386,0.5000000000000001,-0.9709418174260521,0.23931566428755738
Uasin-Gishu,2023-10-16,50.0,0.0,42.77666666666666,0.0,18.0,25.1,12.3,35.2,42.77666666666666,48.33333333333332,45.00055555555556,12.8,0,1,0,0,10,45.555,46.67,46.67,46.67,46.67,45.41791666666666,1.8376088403139597,46.043958333333336,1.3766337876564967,46.25263888888889,1.1406133070984108,42,2023,-0.8660254037844386,0.5000000000000001,-0.9350162426854148,0.35460488704253557
Uasin-Gishu,2023-10-23,52.5,3.5355339059327378,41.11,0.0,18.557142857142857,25.4,11.9,17.9,41.11,49.16666666666666,43.14722222222222,13.499999999999998,0,0,0,0,10,42.77666666666666,45.555,46.67,46.67,46.67,44.02791666666667,2.5424694087529245,45.34895833333333,2.1828441723026346,45.78930555555556,1.8588216450884043,43,2023,-0.8660254037844386,0.5000000000000001,-0.8854560256532101,0.464723172043768
Uasin-Gishu,2023-10-30,50.0,0.0,40.555,0.0,17.885714285714286,24.5,12.3,48.699999999999996,40.555,50.83333333333332,41.48055555555555,12.2,0,1,0,0,10,41.11,42.77666666666666,45.555,46.67,46.67,42.49916666666667,2.2453427107880164,44.584583333333335,2.6703769946677594,45.279722222222226,2.36477227140858,44,2023,-0.8660254037844386,0.5000000000000001,-0.822983865893657,0.5680647467311548
Uasin-Gishu,2023-11-06,50.0,0.0,41.11,0.0,18.057142857142857,24.0,12.1,17.2,41.11,50.83333333333332,40.925,11.9,0,0,0,0,11,40.555,41.11,42.77666666666666,45.555,46.67,41.38791666666666,0.96209010030823,43.889583333333334,2.7716926164922193,44.81638888888889,2.6005454782625472,45,2023,-0.5000000000000004,0.8660254037844384,-0.7485107481711011,0.6631226582407952
Uasin-Gishu,2023-11-13,50.0,0.0,41.665,0.0,18.04285714285714,24.5,12.1,6.6,41.665,50.0,41.10999999999999,12.4,0,0,0,0,11,41.11,40.555,41.11,42.77666666666666,46.67,41.11,0.45315560241489033,43.263958333333335,2.614868496116803,44.39930555555555,2.676481413485624,46,2023,-0.5000000000000004,0.8660254037844384,-0.6631226582407955,0.7485107481711007
Uasin-Gishu,2023-11-20,50.0,0.0,41.665,0.0,17.685714285714287,23.4,11.8,15.8,41.665,50.0,41.48,11.599999999999998,0,0,0,0,11,41.665,41.11,40.555,41.11,46.67,41.24875,0.5313720448047693,42.63833333333333,2.2579084998402434,43.98222222222222,2.6804333410146377,47,2023,-0.5000000000000004,0.8660254037844384,-0.5680647467311559,0.8229838658936564
Uasin-Gishu,2023-11-27,50.0,0.0,43.33,0.0,18.228571428571428,24.9,11.2,2.2,43.33,50.0,42.22,13.7,0,0,0,0,11,41.665,41.665,41.11,40.555,46.67,41.942499999999995,0.9612881982007243,42.22083333333333,1.6264190385287898,43.70388888888889,2.5460051232356324,48,2023,-0.5000000000000004,0.8660254037844384,-0.4647231720437684,0.88545602565321
Uasin-Gishu,2023-12-04,50.0,0.0,42.406666666666666,0.0,18.242857142857144,26.1,11.1,16.3,42.406666666666666,50.0,42.467222222222226,15.000000000000002,0,0,0,0,12,43.33,41.665,41.665,41.11,45.555,42.266666666666666,0.7904183140028465,41.82729166666667,0.9407852754607916,43.34861111111112,2.3869696601023564,49,2023,-2.4492935982947064e-16,1.0,-0.35460488704253595,0.9350162426854147
Uasin-Gishu,2023-12-11,50.0,0.0,41.945,0.0,18.75714285714286,25.4,12.4,5.3,41.945,50.0,42.56055555555556,12.999999999999998,0,0,0,0,12,42.406666666666666,43.33,41.665,41.665,42.77666666666666,42.336666666666666,0.7294175758781726,41.72333333333333,0.8636816726931648,42.954861111111114,2.16903617034137,50,2023,-2.4492935982947064e-16,1.0,-0.2393156642875578,0.970941817426052
Uasin-Gishu,2024-01-01,50.0,0.0,44.44,0.0,18.599999999999998,26.4,11.4,14.3,44.44,50.0,42.93055555555555,14.999999999999998,0,0,0,0,1,41.945,42.406666666666666,43.33,41.665,41.11,43.03041666666667,1.1020993225052989,42.139583333333334,1.2443936975905983,42.76902777777778,1.9007383544526955,1,2024,0.49999999999999994,0.8660254037844387,0.12053668025532305,0.992708874098054
Uasin-Gishu,2024-01-15,50.0,0.0,43.89,0.0,17.357142857142858,24.2,10.7,58.300000000000004,43.89,50.0,43.425000000000004,13.5,0,1,0,0,1,44.44,41.945,42.406666666666666,43.33,40.555,43.17041666666667,1.1852710074540256,42.55645833333333,1.195371177494319,42.53736111111111,1.5116466134671593,3,2024,0.49999999999999994,0.8660254037844387,0.3546048870425356,0.9350162426854148
Uasin-Gishu,2024-01-22,50.0,0.0,43.055,0.0,18.085714285714285,25.1,10.4,5.9,43.055,50.0,43.794999999999995,14.700000000000001,0,0,0,0,1,43.89,44.44,41.945,42.406666666666666,41.11,43.332499999999996,1.0862051678511906,42.79958333333333,1.0478419811499944,42.329027777777775,1.1976037645799316,4,2024,0.49999999999999994,0.8660254037844387,0.4647231720437685,0.8854560256532099
Uasin-Gishu,2024-01-29,50.0,0.0,44.19,0.0,19.214285714285715,26.4,11.6,1.2999999999999998,44.19,50.0,43.711666666666666,14.799999999999999,0,0,0,0,1,43.055,43.89,44.44,41.945,41.665,43.89375,0.6026797795401933,43.11520833333333,1.0374994501815464,42.44680555555555,1.309863987528824,5,2024,0.49999999999999994,0.8660254037844387,0.5680647467311558,0.8229838658936564
Uasin-Gishu,2024-02-05,50.0,0.0,42.775,0.0,19.414285714285715,26.7,11.3,1.1,42.775,50.0,43.339999999999996,15.399999999999999,0,0,0,0,2,44.19,43.055,43.89,44.44,41.665,43.4775,0.6707769127412094,43.25395833333334,0.8777781011402006,42.58555555555556,1.241803090600482,6,2024,0.8660254037844386,0.5000000000000001,0.6631226582407952,0.7485107481711011
Uasin-Gishu,2024-02-12,50.0,0.0,40.74,0.0,20.785714285714285,28.6,12.8,0.2,40.74,50.0,42.568333333333335,15.8,0,0,0,0,2,42.775,44.19,43.055,43.89,43.33,42.69,1.4367730045719278,42.93020833333334,1.2460883040571265,42.600972222222225,1.2151652126800436,7,2024,0.8660254037844386,0.5000000000000001,0.7485107481711011,0.6631226582407953
Uasin-Gishu,2024-02-26,45.0,0.0,40.74,0.0,18.942857142857143,26.8,12.1,29.099999999999998,40.74,48.33333333333332,41.41833333333333,14.700000000000001,0,1,0,0,2,40.74,42.775,44.19,43.055,42.406666666666666,42.11125,1.6854691483382291,42.721875,1.466036779649729,42.570138888888884,1.260292265753399,9,2024,0.8660254037844386,0.5000000000000001,0.8854560256532099,0.4647231720437686
Uasin-Gishu,2024-03-04,45.0,0.0,36.39,0.0,20.014285714285712,28.0,12.0,2.4,36.39,46.66666666666666,39.29,16.0,0,0,0,0,3,40.74,40.74,42.775,44.19,41.945,40.16125,2.6909675304618705,42.0275,2.6906372054642786,42.13055555555555,2.1852343485880774,10,2024,1.0,6.123233995736766e-17,0.9350162426854148,0.35460488704253557
Uasin-Gishu,2024-03-11,50.0,0.0,36.39,0.0,21.285714285714285,28.8,14.0,0.6000000000000001,36.39,46.66666666666666,37.84,14.8,0,0,0,0,3,36.39,40.74,40.74,42.775,44.44,38.565,2.511473670974893,41.02125,3.1290719185452804,41.69097222222222,2.746008256104232,11,2024,1.0,6.123233995736766e-17,0.970941817426052,0.23931566428755804
Uasin-Gishu,2024-03-18,45.0,0.0,34.81666666666667,0.0,21.642857142857142,29.5,13.2,15.7,34.81666666666667,46.66666666666666,35.86555555555555,16.3,0,0,0,0,3,36.39,36.39,40.74,40.74,43.89,37.08416666666667,2.5475745545736754,39.88708333333334,3.5559626596054166,40.98152777777778,3.3231433989016073,12,2024,1.0,6.123233995736766e-17,0.992708874098054,0.120536680255323
Uasin-Gishu,2024-04-01,45.0,0.0,34.81666666666667,0.0,18.185714285714287,26.5,12.7,47.300000000000004,34.81666666666667,46.66666666666666,35.34111111111111,13.8,0,1,0,0,4,34.81666666666667,36.39,36.39,40.74,43.055,35.60333333333333,0.9083644235251208,38.85729166666667,3.6975620386630466,40.34902777777778,3.725220179129908,14,2024,0.8660254037844387,-0.4999999999999998,0.992708874098054,-0.12053668025532288
Uasin-Gishu,2024-04-15,45.0,0.0,35.368,0.0,18.9,27.4,12.9,25.0,35.368,45.0,35.00044444444445,14.499999999999998,0,1,0,0,4,34.81666666666667,34.81666666666667,36.39,36.39,44.19,35.34783333333334,0.7417982904428335,37.75454166666667,3.1557809283689684,39.80094444444445,3.946329543426385,16,2024,0.8660254037844387,-0.4999999999999998,0.9350162426854148,-0.35460488704253545
Uasin-Gishu,2024-04-22,45.0,0.0,34.07,0.0,17.771428571428572,26.8,12.1,58.2,34.07,45.0,34.75155555555556,14.700000000000001,0,1,0,0,4,35.368,34.81666666666667,34.81666666666667,36.39,42.775,34.767833333333336,0.532897982037348,36.66641666666666,2.635238947329827,38.93677777777778,3.973436398737858,17,2024,0.8660254037844387,-0.4999999999999998,0.8854560256532099,-0.4647231720437685
Uasin-Gishu,2024-04-29,45.0,0.0,33.7925,0.0,17.614285714285714,23.9,13.1,30.7,33.7925,45.0,34.41016666666667,10.799999999999999,0,1,0,0,4,34.07,35.368,34.81666666666667,34.81666666666667,40.74,34.51179166666667,0.716147529998148,35.797979166666664,2.2117619501445867,38.09531944444445,3.8975834344600666,18,2024,0.8660254037844387,-0.4999999999999998,0.8229838658936565,-0.5680647467311557
Uasin-Gishu,2024-05-13,45.0,0.0,32.775,0.0,18.32857142857143,26.6,11.1,5.7,32.775,45.0,33.54583333333333,15.500000000000002,0,0,0,0,5,33.7925,34.07,35.368,34.81666666666667,40.74,34.001375,1.0677074642274,34.80235416666667,1.2551560215340305,37.23865277777778,3.8376550292498997,20,2024,0.49999999999999994,-0.8660254037844387,0.6631226582407952,-0.7485107481711012
Uasin-Gishu,2024-05-20,45.0,7.0710678118654755,34.44,0.0,17.45714285714286,25.0,11.3,49.9,34.44,45.0,33.66916666666666,13.7,0,1,0,0,5,32.775,33.7925,34.07,35.368,36.39,33.769375,0.7140097309095824,34.55860416666667,1.0798998114079184,36.42615277777778,3.213507168265969,21,2024,0.49999999999999994,-0.8660254037844387,0.5680647467311558,-0.8229838658936564
Uasin-Gishu,2024-05-27,43.333333333333336,5.773502691896258,34.44,0.0,17.9,25.7,11.4,3.3,34.44,44.444444444444436,33.885,14.299999999999999,0,0,0,0,5,34.44,32.775,33.7925,34.07,36.39,33.861875,0.7862500000001506,34.31485416666666,0.7881287937488421,35.73156944444444,2.5484487482617713,22,2024,0.49999999999999994,-0.8660254037844387,0.46472317204376906,-0.8854560256532096
Uasin-Gishu,2024-06-03,45.64833333333333,4.945909083946718,34.44,0.0,17.9,26.0,11.7,18.5,34.44,44.660555555555554,34.44,14.3,0,0,0,0,6,34.44,34.44,32.775,33.7925,34.81666666666667,34.02375,0.832500000000138,34.26777083333333,0.7647726030820499,35.20656944444444,2.016224560177375,23,2024,1.2246467991473532e-16,-1.0,0.35460488704253584,-0.9350162426854147
Uasin-Gishu,2024-06-10,43.888,3.7626745806673214,31.47,0.0,17.114285714285717,24.8,10.4,3.6999999999999997,31.47,44.28988888888889,33.449999999999996,14.4,0,0,0,0,6,34.44,34.44,34.44,32.775,34.81666666666667,33.6975,1.4850000000000811,33.8494375,1.2083254480450032,34.43406944444445,1.3783652619114724,24,2024,1.2246467991473532e-16,-1.0,0.23931566428755768,-0.970941817426052
Uasin-Gishu,2024-06-17,40.9725,8.61102152283146,32.22,0.0,17.02857142857143,25.5,10.8,9.200000000000001,32.22,43.50294444444444,32.71,14.7,0,0,0,0,6,31.47,34.44,34.44,34.44,35.368,33.1425,1.5291909625682012,33.4559375,1.1545344899106145,34.08656944444444,1.3660215263295838,25,2024,1.2246467991473532e-16,-1.0,0.12053668025532308,-0.992708874098054
Uasin-Gishu,2024-07-01,41.11,1.5697770542341347,32.22,0.0,16.97142857142857,24.9,11.3,28.3,32.22,41.99016666666666,31.97,13.599999999999998,0,1,0,0,7,32.22,31.47,34.44,34.44,34.07,32.5875,1.2846108360123238,33.224687499999995,1.1984099864136737,33.739069444444446,1.2524658253737502,27,2024,-0.4999999999999997,-0.8660254037844388,-0.12053668025532283,-0.992708874098054
Uasin-Gishu,2024-07-08,40.0,0.0,32.22,0.0,16.257142857142856,23.2,10.9,29.0,32.22,40.69416666666666,32.22,12.299999999999999,0,1,0,0,7,32.22,32.22,31.47,34.44,33.7925,32.0325,0.37500000000040473,33.028124999999996,1.2207255965790047,33.52268055555555,1.2735006681623546,28,2024,-0.4999999999999997,-0.8660254037844388,-0.23931566428755743,-0.9709418174260521
Uasin-Gishu,2024-07-15,50.0,0.0,32.22,0.0,16.314285714285713,22.5,11.5,27.099999999999998,32.22,43.703333333333326,32.22,11.0,0,1,0,0,7,32.22,32.22,32.22,31.47,32.775,32.22,0.0,32.958749999999995,1.252522454888658,33.30629166666667,1.254103454815029,29,2024,-0.4999999999999997,-0.8660254037844388,-0.3546048870425356,-0.9350162426854148
Uasin-Gishu,2024-07-22,50.0,0.0,32.22,0.0,16.242857142857144,23.0,10.5,29.7,32.22,46.666666666666664,32.22,12.5,0,1,0,0,7,32.22,32.22,32.22,32.22,34.44,32.22,0.0,32.68125,1.115942106793448,33.04395833333333,1.103881302461659,30,2024,-0.4999999999999997,-0.8660254037844388,-0.46472317204376806,-0.8854560256532101
Uasin-Gishu,2024-07-29,41.875,1.2500000000000007,32.22,0.0,16.15714285714286,22.9,10.2,42.2,32.22,47.291666666666664,32.22,12.7,0,1,0,0,7,32.22,32.22,32.22,32.22,34.44,32.22,0.0,32.403749999999995,0.863612636379647,32.88979166666667,1.0764010206225079,31,2024,-0.4999999999999997,-0.8660254037844388,-0.5680647467311556,-0.8229838658936565
Uasin-Gishu,2024-08-05,42.5,0.0,32.22,0.0,16.057142857142857,23.4,10.6,27.6,32.22,44.791666666666664,32.22,12.799999999999999,0,1,0,0,8,32.22,32.22,32.22,32.22,34.44,32.22,0.0,32.12625,0.2651650429455614,32.75875,1.0519551602093682,32,2024,-0.8660254037844384,-0.5000000000000004,-0.663122658240795,-0.7485107481711013
Uasin-Gishu,2024-08-12,42.5,0.0,32.22,0.0,15.671428571428573,22.6,10.7,56.2,32.22,42.291666666666664,32.22,11.900000000000002,0,1,0,0,8,32.22,32.22,32.22,32.22,31.47,32.22,0.0,32.22,0.0,32.7125,1.0633149281204726,33,2024,-0.8660254037844384,-0.5000000000000004,-0.7485107481711011,-0.6631226582407952
Uasin-Gishu,2024-08-19,41.25,1.7677669529663689,34.17,0.0,16.057142857142857,22.5,11.5,16.7,34.17,42.08333333333333,32.87,11.0,0,0,0,0,8,32.22,32.22,32.22,32.22,32.22,32.707499999999996,0.9750000000001419,32.46375,0.6894291116571183,32.690000000000005,1.0256261945315661,34,2024,-0.8660254037844384,-0.5000000000000004,-0.8229838658936564,-0.5680647467311559
Uasin-Gishu,2024-08-26,41.666666666666664,1.443375672974065,34.17,0.0,17.014285714285712,23.5,10.1,18.9,34.17,41.80555555555555,33.52,13.4,0,0,0,0,8,34.17,32.22,32.22,32.22,32.22,33.195,1.125833024919882,32.707499999999996,0.9026745972784184,32.6675,0.985938639064426,35,2024,-0.8660254037844384,-0.5000000000000004,-0.8854560256532096,-0.4647231720437691
Uasin-Gishu,2024-09-02,42.5,0.0,29.61,0.0,16.942857142857143,24.3,10.6,10.100000000000001,29.61,41.80555555555555,32.65,13.700000000000001,0,0,0,0,9,34.17,34.17,32.22,32.22,32.22,32.5425,2.160329835927907,32.38125,1.424734937754202,32.265,1.1660071729080153,36,2024,-1.0,-1.8369701987210297e-16,-0.9350162426854147,-0.3546048870425359
Uasin-Gishu,2024-09-09,40.0,0.0,33.33,0.0,17.157142857142855,24.8,10.7,17.799999999999997,33.33,41.388888888888886,32.37,14.100000000000001,0,0,0,0,9,29.61,34.17,34.17,32.22,32.22,32.82,2.176327181285084,32.519999999999996,1.4603913369858041,32.419999999999995,1.1743160485228823,37,2024,-1.0,-1.8369701987210297e-16,-0.970941817426052,-0.23931566428755774
Uasin-Gishu,2024-09-16,40.0,0.0,29.585,0.0,18.142857142857142,25.2,10.9,1.3,29.585,40.833333333333336,30.84166666666667,14.299999999999999,0,0,0,0,9,33.33,29.61,34.17,34.17,32.22,31.673750000000002,2.4218704032215133,32.190625,1.7962469554602798,32.20041666666667,1.4329823610114367,38,2024,-1.0,-1.8369701987210297e-16,-0.992708874098054,-0.12053668025532357
Uasin-Gishu,2024-09-23,40.0,0.0,33.33,0.0,17.442857142857143,24.5,11.1,20.1,33.33,40.0,32.08166666666667,13.4,0,1,0,0,9,29.585,33.33,29.61,34.17,32.22,31.46375,2.1549840486649408,32.329375,1.8411495584087936,32.29291666666666,1.469716203794863,39,2024,-1.0,-1.8369701987210297e-16,-1.0,-1.8369701987210297e-16
Uasin-Gishu,2024-09-30,40.0,0.0,30.81,0.0,17.757142857142856,24.9,11.0,25.3,30.81,40.0,31.241666666666664,13.899999999999999,0,1,0,0,9,33.33,29.585,33.33,29.61,32.22,31.76375,1.8764211281053957,32.153124999999996,1.9189597954175317,32.17541666666667,1.5311544342473644,40,2024,-1.0,-1.8369701987210297e-16,-0.992708874098054,0.1205366802553232
Uasin-Gishu,2024-10-21,40.0,0.0,32.5,0.0,18.485714285714288,26.0,11.6,5.0,32.5,40.0,32.21333333333333,14.4,0,0,0,0,10,30.81,33.33,29.585,33.33,32.22,31.55625,1.681226610741992,32.188125,1.922903194762777,32.19875,1.5340263791142563,43,2024,-0.8660254037844386,0.5000000000000001,-0.8854560256532101,0.464723172043768
Uasin-Gishu,2024-10-28,40.0,0.0,34.76,0.0,19.17142857142857,27.4,11.9,3.5,34.76,40.0,32.69,15.499999999999998,0,0,0,0,10,32.5,30.81,33.33,29.585,34.17,32.85,1.6495049762480056,32.261875,2.0187017353806613,32.41041666666667,1.70313942515443,44,2024,-0.8660254037844386,0.5000000000000001,-0.822983865893657,0.5680647467311548
Uasin-Gishu,2024-11-04,40.0,0.0,35.44,0.0,18.9,25.3,13.1,5.7,35.44,40.0,34.23333333333333,12.200000000000001,0,0,0,0,11,34.76,32.5,30.81,33.33,34.17,33.3775,2.1234621886595706,32.420625,2.2291581330500487,32.67875,1.911344273494022,45,2024,-0.5000000000000004,0.8660254037844384,-0.7485107481711011,0.6631226582407952
Uasin-Gishu,2024-11-11,40.0,0.0,42.23,0.0,18.7,25.2,12.8,4.8,42.23,40.0,37.47666666666666,12.399999999999999,0,0,0,0,11,35.44,34.76,32.5,30.81,29.61,36.2325,4.191176246990018,33.998125,3.8396465029814237,33.51291666666667,3.341903688790526,46,2024,-0.5000000000000004,0.8660254037844384,-0.6631226582407955,0.7485107481711007
Uasin-Gishu,2024-11-18,40.0,0.0,40.275,0.0,18.400000000000002,25.5,12.7,10.4,40.275,40.0,39.315,12.8,0,0,0,0,11,42.23,35.44,34.76,32.5,33.33,38.176249999999996,3.6512768885235887,34.86625,4.409791661745523,34.18416666666666,3.8316711481909564,47,2024,-0.5000000000000004,0.8660254037844384,-0.5680647467311559,0.8229838658936564
Uasin-Gishu,2024-11-25,40.0,0.0,37.38,0.0,16.9,24.0,11.4,51.4,37.38,40.0,39.961666666666666,12.6,0,1,0,0,11,40.275,42.23,35.44,34.76,29.585,38.83125,3.013448674968007,35.840625,3.908889536775712,34.45166666666666,3.9410798781629417,48,2024,-0.5000000000000004,0.8660254037844384,-0.4647231720437684,0.88545602565321
Uasin-Gishu,2024-12-09,40.0,0.0,39.985,0.0,19.400000000000002,27.1,12.1,2.6,39.985,40.0,39.21333333333333,15.000000000000002,0,0,0,0,12,37.38,40.275,42.23,35.44,33.33,39.9675,1.9923959613155047,36.6725,4.005218025098234,34.93625,4.248783850061765,50,2024,-2.4492935982947064e-16,1.0,-0.2393156642875578,0.970941817426052
Uasin-Gishu,2024-12-30,40.0,0.0,37.264,0.0,19.657142857142855,26.3,12.6,0.1,37.264,40.0,38.209666666666664,13.700000000000001,0,0,0,0,12,39.985,37.38,40.275,42.23,30.81,38.726,1.6262064239613314,37.47925,3.2308026755857138,35.574083333333334,3.939788998926318,1,2024,-2.4492935982947064e-16,1.0,0.12053668025532305,0.992708874098054
Uasin-Gishu,2025-01-06,40.0,0.0,36.88666666666666,0.0,19.62857142857143,27.1,11.9,2.4,36.88666666666666,40.0,38.045222222222215,15.200000000000001,0,0,0,0,1,37.264,39.985,37.38,40.275,32.5,37.87891666666667,1.4197637616479466,38.02758333333333,2.5695878043233646,35.870472222222226,3.889077004721485,2,2025,0.49999999999999994,0.8660254037844387,0.23931566428755774,0.970941817426052
Uasin-Gishu,2025-01-13,40.0,0.0,36.76375,0.0,19.385714285714283,27.4,12.1,0.2,36.76375,40.0,36.97147222222222,15.299999999999999,0,0,0,0,1,36.88666666666666,37.264,39.985,37.38,34.76,37.72485416666667,1.5217232835624104,38.278052083333336,2.287786437499475,36.46870138888889,3.3489532413050562,3,2025,0.49999999999999994,0.8660254037844387,0.3546048870425356,0.9350162426854148
Uasin-Gishu,2025-01-20,40.0,0.0,37.619473684210526,0.0,18.7,28.1,10.2,8.4,37.619473684210526,40.0,37.089963450292394,17.900000000000002,0,0,0,0,1,36.76375,36.88666666666666,37.264,39.985,35.44,37.1334725877193,0.38766068740742476,38.55048629385965,2.0150572545146024,36.826157529239765,3.209501486307299,4,2025,0.49999999999999994,0.8660254037844387,0.4647231720437685,0.8854560256532099
Uasin-Gishu,2025-01-27,40.0,0.0,37.7175,0.0,18.32857142857143,26.6,11.6,11.0,37.7175,40.0,37.36690789473684,15.000000000000002,0,0,0,0,1,37.619473684210526,36.76375,36.88666666666666,37.264,42.23,37.246847587719294,0.49107958490186304,37.98642379385965,1.3644937938212416,37.40178252923977,2.5925436437590346,5,2025,0.49999999999999994,0.8660254037844387,0.5680647467311558,0.8229838658936564
Uasin-Gishu,2025-02-03,40.0,0.0,38.16235294117647,0.0,20.328571428571426,28.5,12.4,0.0,38.16235294117647,40.0,37.833108875129,16.1,0,0,0,0,2,37.7175,37.619473684210526,36.76375,36.88666666666666,40.275,37.56576915634675,0.5845378130618302,37.72234291150671,1.0189885396668164,37.873645274337804,2.0848642854842447,6,2025,0.8660254037844386,0.5000000000000001,0.6631226582407952,0.7485107481711011
Uasin-Gishu,2025-02-10,40.0,0.0,38.59777777777778,0.0,21.414285714285715,28.6,13.8,0.0,38.59777777777778,40.0,38.15921023965141,14.8,0,0,0,0,2,38.16235294117647,37.7175,37.619473684210526,36.76375,37.38,38.0242761007912,0.44942406100953364,37.874565133728936,1.0509980429725005,38.193460089152616,1.844289781426018,7,2025,0.8660254037844386,0.5000000000000001,0.7485107481711011,0.6631226582407953
Uasin-Gishu,2025-02-17,40.0,0.0,40.612,0.0,21.642857142857142,29.2,13.6,0.0,40.612,40.0,39.124043572984746,15.6,0,0,0,0,2,38.59777777777778,38.16235294117647,37.7175,37.619473684210526,39.985,38.77240767973856,1.2779661581638846,37.95294013372893,1.2376620472042166,38.62446008915262,1.7439274801019486,8,2025,0.8660254037844386,0.5000000000000001,0.8229838658936564,0.5680647467311559
Uasin-Gishu,2025-02-24,40.0,0.0,43.86166666666667,0.0,22.099999999999998,29.6,12.7,0.0,43.86166666666667,40.0,41.02381481481481,16.900000000000002,0,0,0,0,2,40.612,38.59777777777778,38.16235294117647,37.7175,37.264,40.308449346405226,2.598052047242881,38.777648467062264,2.3820732702612744,38.76043231137484,2.0815349877751412,9,2025,0.8660254037844386,0.5000000000000001,0.8854560256532099,0.4647231720437686
Uasin-Gishu,2025-03-03,40.0,0.0,43.44285714285714,0.0,22.099999999999998,30.5,12.8,8.899999999999999,43.44285714285714,40.0,42.63884126984127,17.7,0,0,1,0,3,43.86166666666667,40.612,38.59777777777778,38.16235294117647,36.88666666666666,41.6285753968254,2.4831079059973344,39.59717227658607,2.739533773643294,39.02442040661294,2.457929235695959,10,2025,1.0,6.123233995736766e-17,0.9350162426854148,0.35460488704253557
Uasin-Gishu,2025-03-10,40.0,0.0,45.406666666666666,0.0,19.24285714285714,28.1,11.6,23.0,45.406666666666666,40.0,44.23706349206349,16.5,0,1,0,0,3,43.44285714285714,43.86166666666667,40.612,38.59777777777778,36.76375,43.33079761904762,1.9996226376324517,40.67753685991941,3.1377826403388203,39.69330929550183,3.0017506726259664,11,2025,1.0,6.123233995736766e-17,0.970941817426052,0.23931566428755804
Uasin-Gishu,2025-03-17,40.0,0.0,47.33555555555555,0.0,19.771428571428572,28.0,12.3,6.1,47.33555555555555,40.0,45.39502645502645,15.7,0,0,0,0,3,45.406666666666666,43.44285714285714,43.86166666666667,40.612,37.619473684210526,45.01168650793651,1.7644780048048159,41.89204709383753,3.62721737078676,40.30585559179812,3.728658873663605,12,2025,1.0,6.123233995736766e-17,0.992708874098054,0.120536680255323
Uasin-Gishu,2025-03-24,40.0,0.0,48.719,0.0,19.157142857142855,26.9,13.4,38.6,48.719,40.0,47.15374074074074,13.499999999999998,0,1,0,0,3,47.33555555555555,45.406666666666666,43.44285714285714,43.86166666666667,37.7175,46.22601984126984,2.2995183411360802,43.267234593837536,3.8941028353800267,41.26043892513146,4.301429236747686,13,2025,1.0,6.123233995736766e-17,1.0,-1.6081226496766364e-16
Uasin-Gishu,2025-03-31,40.0,0.0,45.115,0.0,19.75714285714286,27.0,13.2,10.5,45.115,40.0,47.056518518518516,13.8,0,0,0,0,3,48.719,47.33555555555555,45.406666666666666,43.44285714285714,38.16235294117647,46.64405555555555,1.6983039433357785,44.136315476190475,3.326522549698488,41.946133369575904,4.195353090823416,14,2025,1.0,6.123233995736766e-17,0.992708874098054,-0.12053668025532288
Uasin-Gishu,2025-04-07,40.0,0.0,43.492,0.0,18.428571428571427,28.0,13.1,33.1,43.492,40.0,45.77533333333333,14.9,0,1,0,0,4,45.115,48.719,47.33555555555555,45.406666666666666,38.59777777777778,46.165388888888884,2.3195218403585898,44.74809325396826,2.512990026602516,42.5068208695759,3.8773353514239934,15,2025,0.8660254037844387,-0.4999999999999998,0.9709418174260521,-0.2393156642875575
Uasin-Gishu,2025-04-14,40.0,0.0,44.88,0.0,17.414285714285715,25.8,12.7,85.0,44.88,40.0,44.495666666666665,13.100000000000001,0,1,0,0,4,43.492,45.115,48.719,47.33555555555555,40.612,45.551500000000004,2.2298012616970966,45.28159325396825,1.8837267810969462,43.111864729225026,3.6020688942860812,16,2025,0.8660254037844387,-0.4999999999999998,0.9350162426854148,-0.35460488704253545
Uasin-Gishu,2025-04-21,40.0,0.0,45.8325,0.0,18.599999999999998,25.9,11.9,2.9,45.8325,40.0,44.734833333333334,13.999999999999998,0,0,0,0,4,44.88,43.492,45.115,48.719,43.86166666666667,44.829875,0.979621557456074,45.52794742063492,1.798442573322746,43.78811472922502,3.2409148568897366,17,2025,0.8660254037844387,-0.4999999999999998,0.8854560256532099,-0.4647231720437685
Uasin-Gishu,2025-04-28,40.0,0.0,45.876666666666665,0.0,18.557142857142857,26.4,11.5,19.4,45.876666666666665,40.0,45.529722222222226,14.899999999999999,0,0,0,0,4,45.8325,44.88,43.492,45.115,43.44285714285714,45.020291666666665,1.1177980866414645,45.832173611111116,1.5889954091938745,44.43097420634921,2.7517342303169525,18,2025,0.8660254037844387,-0.4999999999999998,0.8229838658936565,-0.5680647467311557
Uasin-Gishu,2025-05-05,40.0,0.0,48.37444444444444,0.0,16.857142857142858,25.0,11.8,64.2,48.37444444444444,40.0,46.69453703703704,13.2,0,1,0,0,5,45.876666666666665,45.8325,44.88,43.492,45.406666666666666,46.24090277777778,1.494826320736264,46.20314583333333,1.80694954416226,45.24569642857143,2.273402803351084,19,2025,0.49999999999999994,-0.8660254037844387,0.7485107481711013,-0.663122658240795
Uasin-Gishu,2025-05-12,40.0,0.0,50.3,0.0,17.914285714285715,26.1,11.1,12.100000000000001,50.3,40.0,48.18370370370369,15.000000000000002,0,0,0,0,5,48.37444444444444,45.876666666666665,45.8325,44.88,47.33555555555555,47.59590277777778,2.158983640233402,46.573701388888885,2.307095809267056,46.05302976190476,2.1972164215785086,20,2025,0.49999999999999994,-0.8660254037844387,0.6631226582407952,-0.7485107481711012
Uasin-Gishu,2025-05-19,45.0,0.0,50.925,0.0,17.242857142857144,24.8,11.7,37.4,50.925,41.666666666666664,49.86648148148148,13.100000000000001,0,1,0,0,5,50.3,48.37444444444444,45.876666666666665,45.8325,48.719,48.869027777777774,2.271089384137017,46.84945138888889,2.6987305609485954,46.64164087301587,2.4841648558241447,21,2025,0.49999999999999994,-0.8660254037844387,0.5680647467311558,-0.8229838658936564
Uasin-Gishu,2025-05-26,65.0,0.0,52.22,0.0,17.714285714285715,25.9,11.3,2.8000000000000003,52.22,50.0,51.14833333333333,14.599999999999998,0,0,0,0,5,50.925,50.3,48.37444444444444,45.876666666666665,45.115,50.454861111111114,1.6009227904128391,47.73757638888889,3.173694762599811,47.37306944444444,2.736086214020512,22,2025,0.49999999999999994,-0.8660254037844387,0.46472317204376906,-0.8854560256532096
Uasin-Gishu,2025-06-02,62.5,3.5355339059327378,46.925,0.0,17.085714285714285,25.3,11.4,12.7,46.925,57.5,50.02333333333333,13.9,0,0,0,0,6,52.22,50.925,50.3,48.37444444444444,43.492,50.092499999999994,2.2579802922078507,48.16670138888889,2.716840194889307,47.499597222222214,2.671223085134055,23,2025,1.2246467991473532e-16,-1.0,0.35460488704253584,-0.9350162426854147
Uasin-Gishu,2025-06-09,65.0,0.0,49.925,0.0,17.514285714285712,25.4,10.8,3.4,49.925,64.16666666666667,49.69,14.599999999999998,0,0,0,0,6,46.925,52.22,50.925,50.3,44.88,49.99875,2.254275105216543,48.79732638888889,2.4135406526238077,47.71538425925926,2.7598857172962594,24,2025,1.2246467991473532e-16,-1.0,0.23931566428755768,-0.970941817426052
Uasin-Gishu,2025-08-04,65.0,0.0,44.33809523809524,0.0,15.685714285714287,22.3,10.6,32.9,44.33809523809524,64.16666666666667,47.06269841269841,11.700000000000001,0,1,0,0,8,49.925,46.925,52.22,50.925,45.8325,48.35202380952381,3.444005102366115,48.61052579365079,2.7148175580369602,47.350308862433856,2.901193123384373,32,2025,-0.8660254037844384,-0.5000000000000004,-0.663122658240795,-0.7485107481711013
Uasin-Gishu,2025-08-11,65.0,0.0,41.271,0.0,15.385714285714286,22.1,10.2,32.3,41.271,65.0,45.17803174603174,11.900000000000002,0,1,0,0,8,44.33809523809524,49.925,46.925,52.22,45.876666666666665,45.614773809523804,3.687502387177726,48.034817460317456,3.690427251356749,47.02997552910053,3.348217519434899,33,2025,-0.8660254037844384,-0.5000000000000004,-0.7485107481711011,-0.6631226582407952
Uasin-Gishu,2025-08-18,65.0,0.0,40.58375,0.0,15.6,21.5,10.6,31.5,40.58375,65.0,42.064281746031746,10.9,0,1,0,0,8,41.271,44.33809523809524,49.925,46.925,48.37444444444444,44.02946130952381,4.255767325151647,47.060980654761906,4.522182910022753,46.78762136243387,3.7129734758284734,34,2025,-0.8660254037844384,-0.5000000000000004,-0.8229838658936564,-0.5680647467311559
Uasin-Gishu,2025-08-25,65.0,0.0,39.271428571428565,0.0,16.071428571428573,22.8,10.4,19.0,39.271428571428565,65.0,40.375392857142856,12.4,0,0,0,0,8,40.58375,41.271,44.33809523809524,49.925,50.3,41.36606845238095,2.147985072686461,45.68240922619047,5.044560999909582,46.32024041005291,4.284015615237936,35,2025,-0.8660254037844384,-0.5000000000000004,-0.8854560256532096,-0.4647231720437691
Uasin-Gishu,2025-09-01,65.0,0.0,39.25,0.0,15.828571428571427,23.4,10.0,38.8,39.25,65.0,39.70172619047619,13.399999999999999,0,1,0,0,9,39.271428571428565,40.58375,41.271,44.33809523809524,50.925,40.09404464285714,1.002354529699704,44.22303422619047,4.999801382900967,45.771698743386246,4.748399930839291,36,2025,-1.0,-1.8369701987210297e-16,-0.9350162426854147,-0.3546048870425359
Uasin-Gishu,2025-09-08,65.0,0.0,39.25,0.0,16.157142857142855,23.9,10.1,20.599999999999998,39.25,65.0,39.25714285714285,13.799999999999999,0,1,0,0,9,39.25,39.271428571428565,40.58375,41.271,52.22,39.58879464285714,0.6633804856081628,42.601784226190475,4.048599271116402,45.21947652116402,5.106880070303695,37,2025,-1.0,-1.8369701987210297e-16,-0.970941817426052,-0.23931566428755774
Uasin-Gishu,2025-09-15,65.0,0.0,39.556,0.0,17.3,25.0,10.8,4.6,39.556,65.0,39.352,14.2,0,0,0,0,9,39.25,39.25,39.271428571428565,40.58375,46.925,39.33185714285714,0.14976961899868738,41.68065922619048,3.75189341165964,44.484606150793645,5.2442452854272394,38,2025,-1.0,-1.8369701987210297e-16,-0.992708874098054,-0.12053668025532357
Uasin-Gishu,2025-09-22,65.0,0.0,38.57285714285714,0.0,16.82857142857143,24.5,10.9,18.6,38.57285714285714,65.0,39.12628571428571,13.6,0,0,0,0,9,39.556,39.25,39.25,39.271428571428565,49.925,39.15721428571428,0.4154201463081547,40.26164136904762,1.8561601982331917,43.50734424603174,5.1539276769932645,39,2025,-1.0,-1.8369701987210297e-16,-1.0,-1.8369701987210297e-16
Uasin-Gishu,2025-09-29,65.0,0.0,38.335,0.0,17.014285714285716,24.4,11.1,23.1,38.335,65.0,38.82128571428571,13.299999999999999,0,1,0,0,9,38.57285714285714,39.556,39.25,39.25,44.33809523809524,38.928464285714284,0.5703339918367183,39.51125446428571,0.9788580470763404,42.45817757936508,4.774127195607165,40,2025,-1.0,-1.8369701987210297e-16,-0.992708874098054,0.1205366802553232
Uasin-Gishu,2025-10-06,65.0,0.0,38.335,0.0,17.6,25.0,11.0,5.2,38.335,65.0,38.41428571428571,14.0,0,0,0,0,10,38.335,38.57285714285714,39.556,39.25,41.271,38.69971428571428,0.5817648378254943,39.144254464285716,0.7479973021884598,41.301094246031745,3.7701761421816204,41,2025,-0.8660254037844386,0.5000000000000001,-0.9709418174260521,0.23931566428755738
